id;company_pred;company
105194;AMBRA;AMBRA
106392;ACTION;ACTION
116816;BANKU MILLENNIUM;BANK MILLENNIUM
116817;BANKU MILLENNIUM;BANK MILLENNIUM
117075;NORDEA BANK POLSKA;NORDEA BANK POLSKA
117526;POLISH ENERGY PARTNERS;POLISH ENERGY PARTNERS
117624;HYDROBUDOWA POLSKA;HYDROBUDOWA POLSKA
117626;OKRES W JAKIM TU ALLIANZ POLSKA;PBG
117634;ING BANK ŚLĄSKI;ING BANK ŚLĄSKI
117862;Z ELEKTROWNIĄ KOZIENICE;ENERGOMONTAŻ-PÓŁNOC
117926;NOBLE BANK;NOBLE BANK
118045;WARTOŚCIOWYCH W WARSZAWIE;TOWARZYSTWO UBEZPIECZEŃ EUROPA
118181;NG2;NG2
118232;KRAKCHEMIA;KRAKCHEMIA
118242;;CP ENERGIA
118304;HUTMEN;HUTMEN
118312;P.A. NOVA;P.A. NOVA
118318;MOSTOSTAL ZABRZE HOLDING;MOSTOSTAL ZABRZE HOLDING
118319;„PAGED”;PAGED
118322;INTERNET GROUP;INTERNET GROUP
118324;MCI MANAGEMENT;MCI MANAGEMENT
118378;BANKU;ES-SYSTEM
118392;;POWSZECHNA KASA OSZCZĘDNOŚCI BANK POLSKI
118433;BOŚ;BANK OCHRONY ŚRODOWISKA
118454;;MACROLOGIC
118457;TJ. ELEKTROTIM;ELEKTROTIM
118539;BZ WBK;POLNORD
118546;PPWK;PPWK.IM E.ROMERA
118562;ZACHODNIEGO FUNDUSZU INWESTYCYJNEGO NFI;ZACHODNI NARODOWY FUNDUSZ INWESTYCYJNY
118563;AMICA WRONKI;AMICA WRONKI
118577;MIRBUD;MIRBUD
118578;;ERBUD
118579;LPP;LPP
118586;EUROCASH;EUROCASH
118589;ENEA;ENEA
118595;„SIEĆ DELKO”;ZASTAL
118596;GETIN HOLDING;GETIN HOLDING
118597;PGNIG;POLSKIE GÓRNICTWO NAFTOWE I GAZOWNICTWO
118599;WIKANA;WIKANA
118602;BUDOPOL-WROCŁAW;BUDOPOL-WROCŁAW
118604;PRÓCHNIK;PRÓCHNIK
118605;FABRYKI FARB I LAKIERÓW ŚNIEŻKA;FABRYKA FARB I LAKIERÓW ŚNIEŻKA
118609;JEST FABRYKA OBRABIAREK RAFAMET;FABRYKA OBRABIAREK RAFAMET
118617;SECO/WARWICK;SECO/WARWICK
118618;;APLISENS
118623;PROSPER;PROSPER
118673;ŚRUBEX;FABRYKA ŚRUB W ŁAŃCUCIE ŚRUBEX
118680;INSTAL KRAKÓW;INSTAL KRAKÓW
118683;POLCOLORIT;POLCOLORIT
118684;II N W EST CONSULTING;INWEST CONSULTING
118688;13. OPIS WYKORZYSTANIA PRZEZ POL-MOT WARFAMA;POL-MOT WARFAMA
118694;PRIMA MODA;PRIMA MODA
118695;DROZAPOL-PROFIL;DROZAPOL-PROFIL
118696;FABRYK MEBLI „FORTE”;FABRYKI MEBLI FORTE
118715;FABRYKI MEBLI „ FORTE”;FABRYKI MEBLI FORTE
118716;LIKWIDACJA LUB WCHŁONIĘCIE PRZEZ RELPOL;RELPOL
118719;W DNIU 19 LUTEGO 2009 R. ACR;K2 INTERNET
118721;PFLEIDERER GRAJEWO;PFLEIDERER GRAJEWO
118724;STORMM;STORMM
118734;PC GUARD;PC GUARD
118736;LENA LIGHTING;LENA LIGHTING
118737;„POLNA”;ZAKŁADY AUTOMATYKI POLNA
118739;DZ BANK POLSKA;DZ BANK POLSKA
118754;"""HYDROTOR""";"PRZEDSIĘBIORSTWO HYDRAULIKI SIŁOWEJ ""HYDROTOR"""
118755;INTER GROCLIN AUTO;INTER GROCLIN AUTO
118761;NKT CABLES;NKT CABLES
118762;GANT DEVELOPMENT;GANT DEVELOPMENT
118770;CAPITAL PARTNERS;CAPITAL PARTNERS
118784;POLREST;POLREST
118792;PROJPRZEM;PROJPRZEM
118796;ZM „ROPCZYCE”;"ZAKŁADY MAGNEZYTOWE ""ROPCZYCE"""
118802;MEWA;ZAKŁADY DZIEWIARSKIE MEWA
118808;CLIF;CENTRUM LEASINGU I FINANSÓW CLIF
118809;ADVADIS;ADVADIS
118811;APATOR;APATOR
118815;(I) FABRYKĄ ŚRUB W ŁAŃCUCIE „ŚRUBEX”;KOELNER
118816;P „HYGIENIKA”;HYGIENIKA
118817;KOMPUTRONIK;KOMPUTRONIK
118826;DZIEWIARSKIE MEWA;ZAKŁADY DZIEWIARSKIE MEWA
118837;COMPLEX;COMPLEX
118851;IMPEXMETAL;IMPEXMETAL
118854;ABM SOLID;ABM SOLID
118860;ECHO INVESTMENT;ECHO INVESTMENT
118864;GINO ROSSI;GINO ROSSI
118867;WOLA INFO;WOLA INFO
118879;SOVEREIGN CAPITAL;SOVEREIGN CAPITAL
118882;LUBAWA;LUBAWA
118883;INTERCHEM;PRZEDSIĘBIORSTWO PRODUKCYJNO-HANDLOWE BOMI
118885;ARCUS;ARCUS
118889;SPORZĄDZENIA INFORMACJI, ALMA MARKET;ALMA MARKET
118893;NEPENTES;NEPENTES
118894;INTEGER.PL;INTEGER.PL
118895;KTÓRE OBEJMUJE SPRAWOZDANIE REDAN;REDAN
118896;GRUPY TELL;TELL
118902;WSIP ORAZ WSIP;WYDAWNICTWA SZKOLNE I PEDAGOGICZNE
118905;EMPERIA HOLDING;EMPERIA HOLDING
118906;„POL-AQUA”;PRZEDSIĘBIORSTWO ROBÓT INŻYNIERYJNYCH POL-AQUA
118908;PONAR – WADOWICE;PONAR - WADOWICE
118910;NTT SYSTEM;NTT SYSTEM
118913;ARTERIA;ARTERIA
118923;WASKO;WASKO
118925;GRAAL;GRAAL
118928;ORZEŁ BIAŁY;ORZEŁ BIAŁY
118940;WOJAS;WOJAS
118945;KOLASTYNA;GRUPA KOLASTYNA
118946;FIRMA HANDLOWA JAGO;FIRMA HANDLOWA JAGO
118948;TECHMEX;TECHMEX
118949;SYGNITY;SYGNITY
118950;NETMEDIA;NETMEDIA
119076;;NARODOWY FUNDUSZ INWESTYCYJNY MIDAS
119237;NETMEDIA;NETMEDIA
119245;;NARODOWY FUNDUSZ INWESTYCYJNY MIDAS
119605;BARLINEK;BARLINEK
119858;GRUPY COGNOR;COGNOR
121083;VARIANT;VARIANT
122528;EUROMARK POLSKA;EUROMARK POLSKA
124611;KREDYT INKASO;KREDYT INKASO
124824;KREDYT INKASO;KREDYT INKASO
129978;AMBRA;AMBRA
130586;BAKALLAND;BAKALLAND
13615;NETIA;NETIA
13798;ONET.PL;GRUPA ONET.PL
142702;BANKU MILLENNIUM;BANK MILLENNIUM
142703;BANKU MILLENNIUM;BANK MILLENNIUM
142778;BANKU ZACHODNIEGO WBK;BANK ZACHODNI WBK
143229;PEKAO;BANK POLSKA KASA OPIEKI
143331;KREDYT BANKU;KREDYT BANK
143600;ING BANKU ŚLĄSKIEGO;ING BANK ŚLĄSKI
143601;OBROCIE NA GIEŁDZIE PAPIERÓW WARTOŚCIOWYCH W WARSZAWIE;TOWARZYSTWO UBEZPIECZEŃ EUROPA
143711;GRUPY FERRO;FERRO
143777;ZRE LUBLIN;ENERGOMONTAŻ-PÓŁNOC
143825;BUDOPOL-WROCŁAW;BUDOPOL-WROCŁAW
143921;DODATKOWO, JAKO DANE ZA OKRESY PORÓWNYWALNE JEDNOSTKOWY BILANS TESGAS;TESGAS
143925;RADPOL;RADPOL
143975;DODATKOWO, JAKO DANE ZA OKRESY PORÓWNYWALNE JEDNOSTKOWY BILANS TESGAS;TESGAS
144041;TUP;TUP
144048;;POWSZECHNA KASA OSZCZĘDNOŚCI BANK POLSKI
144122;CP ENERGIA;CP ENERGIA
144256;K2 INTERNET;K2 INTERNET
144266;ELEKTROTIM;ELEKTROTIM
144273;MCI MANAGEMENT;MCI MANAGEMENT
144327;SUWARY;SUWARY
144345;HYDROBUDOWA POLSKA;HYDROBUDOWA POLSKA
144346;;PBG
144415;;KOELNER
144424;AKCJE ORZEŁ BIAŁY;ORZEŁ BIAŁY
144440;BANKU;ES-SYSTEM
144441;GRUPY LOTOS;GRUPA LOTOS
144443;NG2;NG2
144452;MNI;MNI
144456;HAWE;HAWE
144502;– WIKANA;WIKANA
144504;INTERNET GROUP;INTERNET GROUP
144506;GETIN NOBLE BANK;GETIN NOBLE BANK
144509;EUROCASH;EUROCASH
144512;LPP;LPP
144515;CHEMOSERVIS-DWORY;CHEMOSERVIS-DWORY
144578;POLCOLORIT;POLCOLORIT
144581;TRAKCJA POLSKA;TRAKCJA POLSKA
144586;SA-P „LENTEX”;ZAKŁADY LENTEX
144624;TAURON POLSKA ENERGIA;TAURON POLSKA ENERGIA
144667;NADZWYCZAJNE WALNE ZGROMADZENIE AKCJONARIUSZY RELPOL;RELPOL
144704;SYGNITY;SYGNITY
144705;NARODOWEGO FUNDUSZU INWESTYCYJNEGO MIDAS;NARODOWY FUNDUSZ INWESTYCYJNY MIDAS
144708;INVESTCON GROUP;INVESTCON GROUP
144712;ZELMER;ZELMER
144713;PODMIOT ZOSTAŁ WYBRANY UCHWAŁĄ RADY NADZORCZEJ MACROLOGIC;MACROLOGIC
144714;UMOWY ISTOTNE PAMAPOL;PAMAPOL
144715;MAKARONY POLSKIE;MAKARONY POLSKIE
144719;CZERWCA 2010R. FIRMA SONEL;SONEL
144728;;POLSKIE GÓRNICTWO NAFTOWE I GAZOWNICTWO
144734;RAFAMET;FABRYKA OBRABIAREK RAFAMET
144735;INSTAL KRAKÓW;INSTAL KRAKÓW
144736;SPOŻYWCZEGO „PEPEES”;PRZEDSIĘBIORSTWO PRZEMYSŁU SPOŻYWCZEGO PEPEES
144737;CIECH;CIECH
144741;FABRYKI FARB I LAKIERÓW ŚNIEŻKA;FABRYKA FARB I LAKIERÓW ŚNIEŻKA
144748;PROTEKTOR;LUBELSKIE ZAKŁADY PRZEMYSŁU SKÓRZANEGO PROTEKTOR
144749;RETROSPEKTYWNIE, TO JEST Z UWZGLĘDNIENIEM W DANYCH PORÓWNAWCZYCH ODPOWIEDNICH POZYCJI DOMINET BANKU;FORTIS BANK POLSKA
144769;B3SYSTEM;B3SYSTEM
144816;CLIF;CENTRUM LEASINGU I FINANSÓW CLIF
144821;OWEJ SKYLINE INVESTMENT;SKYLINE INVESTMENT
144832;„VINDEXUS”;GIEŁDA PRAW MAJĄTKOWYCH VINDEXUS
144843;„ATLANTA POLAND”;ATLANTA POLAND
144855;KORPORACJI GOSPODARCZEJ „EFEKT”;KORPORACJA GOSPODARCZA EFEKT
144856;APATOR ELEKTRO;APATOR
144864;JEDNOSTCE STOWARZYSZONEJ. OPONEO.PL;OPONEO.PL
144866;PRÓCHNIK;PRÓCHNIK
144871;RYNKU WTÓRNYM WYROBÓW PRODUKOWANYCH GŁÓWNIE PRZEZ STOMIL SANOK;SZPG STOMILNOK
144874;FAP „PAFAL ”;APATOR
144889;AMICA WRONKI;AMICA WRONKI
144898;PRZYJĘTE UCHWAŁĄ NR 12/1170/2007 RADY GIEŁDY PAPIERÓW WARTOŚCIOWYCH W WARSZAWIE;LSI SOFTWARE
144905;WOLA INFO;WOLA INFO
144910;ZM „ROPCZYCE”;"ZAKŁADY MAGNEZYTOWE ""ROPCZYCE"""
144916;CAPITAL PARTNERS;CAPITAL PARTNERS
144918;PROJPRZEM;PROJPRZEM
144931;ARCUS;ARCUS
144933;PREMIUM;GRUPA FINANSOWA PREMIUM
144952;„FERRUM”;FERRUM
144953;ABM SOLID;ABM SOLID
144961;GRUPY FAMUR;FABRYKA MASZYN FAMUR
144963;RAINBOW TOURS;RAINBOW TOURS
144970;PC GUARD;PC GUARD
144974;TRITON DEVELOPMENT;TRITON DEVELOPMENT
144978;GINO ROSSI;GINO ROSSI
144981;SKOK;TOWARZYSTWO FINANSOWE SPÓŁDZIELCZYCH KAS OSZCZĘDNOŚCIOWO-KREDYTOWYCH
144995;ATM;ATM
144996;P.A. NOVA;P.A. NOVA
145003;CERSANIT;CERSANIT
145016;ZARZĄD NARODOWEGO FUNDUSZU INWESTYCYJNEGO JUPITER;JUPITER NARODOWY FUNDUSZ INWESTYCYJNY
145022;VISTULA GROUP;VISTULA GROUP
145025;SECO/WARWICK;SECO/WARWICK
145028;C.62. NOTA 19. DOTACJEDO PRZYCHODÓW I AKTYWÓW OPTEAM;OPTEAM
145036;GRAAL;GRAAL
145038;PONAR;PONAR
145039;DELKO;DELKO
145043;INWESTORA „LUBAWA”;LUBAWA
145046;ACTION;ACTION
145048;2 MULTIMEDIA POLSKA - POŁUDNIE;MULTIMEDIA POLSKA
145052;COMARCH;COMARCH
145054;DOMU MAKLERSKIEGO IDM;DOM MAKLERSKI IDM
145066;OWA BARLINEK;BARLINEK
145067;DOLNOŚLĄSKIE SUROWCE SKALNE;DOLNOŚLĄSKIE SUROWCENE
145073;ADVADIS;ADVADIS
145075;;ZAKŁADY DZIEWIARSKIE MEWA
145082;PAGED;PAGED
145086;NTT SYSTEM;NTT SYSTEM
145087;NETMEDIA;NETMEDIA
145090;BOMI;BOMI
145092;„EUROTEL”;EUROTEL
145097;ERG;ERG
145098;0000030723 (REJESTRACJA VARIANT;VARIANT
145099;VARIANT;VARIANT
15009;ECHO INVESTMENT;ECHO INVESTMENT
15010;„ECHO INVESTMENT”;ECHO INVESTMENT
157748;BAKALLAND;BAKALLAND
157939;ZAKŁADÓW AZOTOWYCH „PUŁAWY”;"ZAKŁADY AZOTOWE ""PUŁAWY"""
15861;GRUPIE ELDORADO;ELDORADO
15862;AGORA;AGORA
15967;;EMC INSTYTUT MEDYCZNY
15968;COMARCH;COMARCH
15982;BANKOWY;POWSZECHNA KASA OSZCZĘDNOŚCI BANK POLSKI
15988;PROCHEM;PROCHEM
16012;BAUMA;BAUMA
16020;BAUMA;BAUMA
16027;PRZEPROWADZIŁ TEST WARTOŚCI FIRMY POWSTAŁEJ Z POŁĄCZENIA BANKU Z CITIBANK (POLAND);BANK HANDLOWY W WARSZAWIE
16039;TECHMEX;TECHMEX
16052;MOSTOSTAL ZABRZE HOLDING;MOSTOSTAL ZABRZE HOLDING W UPADŁOŚCI
16078;JEST RAFAKO;FABRYKA KOTŁÓW RAFAKO
17155;KOGENERACJA;ZESPÓŁ ELEKTROCIEPŁOWNI WROCŁAWSKICH KOGENERACJA
172061;BANKU MILLENNIUM;BANK MILLENNIUM
172062;BANKU MILLENNIUM;BANK MILLENNIUM
172851;ŚLĄSKIEGO;ING BANK ŚLĄSKI
173210;KREDYT BANKU;KREDYT BANK
173288;KĘTY;GRUPA KĘTY
173386;TVN;TVN
173392;IMPEXMETAL;IMPEXMETAL
173675;INTERFERIE;INTERFERIE
173687;BUDOPOL WROCŁAW;BUDOPOL-WROCŁAW
173758;ULMA CONSTRUCCION POLSKA;ULMA CONSTRUCCION
173777;TAURON POLSKA ENERGIA;TAURON POLSKA ENERGIA
173779;PATENTUS;PATENTUS
173780;PATENTUS;PATENTUS
17388;MACROSOFT;MACROSOFT
173887;INTER CARS;INTER CARS
173889;TUP;TUP
173897;HYDROBUDOWA POLSKA;HYDROBUDOWA POLSKA
17397;FIRMY CHEMICZNEJ DWORY;FIRMA CHEMICZNA DWORY
173987;CP ENERGIA;CP ENERGIA
174008;Z UDZIAŁEM GLOBE TRADE CENTRE;GLOBE TRADE CENTRE
174010;SĄDOWEGO DOKONAŁ REJESTRACJI POŁĄCZENIA „ATLANTA POLAND”;ATLANTA POLAND
174011;W TARNOWIE-MOŚCICACH;ZAKŁADY AZOTOWE W TARNOWIE-MOŚCICACH
174075;I RADY NADZORCZEJ CENTROZAP;CENTROZAP
174085;COLIAN;COLIAN
174086;TESGAS;TESGAS
174087;UDZIAŁ TESGAS;TESGAS
174091;COLIAN;COLIAN
174185;INWESTYCYJNE;POWSZECHNE TOWARZYSTWO INWESTYCYJNE
17420;FARMACOL;FARMACOL
174257;RESBUD;RESBUD
174291;;POWSZECHNY ZAKŁAD UBEZPIECZEŃ
174298;DOM DEVELOPMENT;DOM DEVELOPMENT
174386;UNIBEP;UNIBEP
174393;;M. W. TRADE
174403;GETIN HOLDING;GETIN HOLDING
174409;CHEMOSERVIS-DWORY;CHEMOSERVIS-DWORY
174410;- CHEMOSERVIS-DWORY;CHEMOSERVIS-DWORY
174482;ZGROMADZENIU AKCJONARIUSZY JHM DEVELOPMENT;JHM DEVELOPMENT
174513;ENEA;ENEA
174514;W ZWIĄZKU Z REALIZACJĄ PRZEZ BENEFICJENTA SONEL;SONEL
174516;LPP;LPP
174522;RADY NADZORCZEJ PELAES S.A., PODMIOTÓW ZALEŻNYCH OD PEKEAS;PEKAES
174523;PKO TFI;CD PROJEKT RED
174525;NG2;NG2
174526;ZAKŁADY AUTOMATYKI „POLNA”;ZAKŁADY AUTOMATYKI POLNA
174586;ENERGOMONTAŻ-POŁUDNIE;ENERGOMONTAŻ - POŁUDNIE
174589;JEST KCI;KCI
174592;IZOSTAL;IZOSTAL
174598;HYPERION;HYPERION
174614;MNI;MNI
174620;P.A. NOVA;P.A. NOVA
174621;BANKU;ES-SYSTEM
174632;C. PROTEKTOR;LUBELSKIE ZAKŁADY PRZEMYSŁU SKÓRZANEGO PROTEKTOR
174640;;BNP PARIBAS BANK POLSKA
174642;ERG;ERG
174704;NORTH COAST;NORTH COAST
174707;PRZYDZIELONE NA MOCY REGULAMINU PROGRAMU MOTYWACYJNEGO TIM;TIM
174709;CELTIC PROPERTY DEVELOPMENTS;CELTIC PROPERTY DEVELOPMENTS
174710;KRUK;KRUK
174712;MIRACULUM;MIRACULUM
174714;BORYSZEW;BORYSZEW
174716;J.W. CONSTRUCTION HOLDING;J.W. CONSTRUCTION HOLDING
174720;POLCOLORIT;POLCOLORIT
174724;MARKET;ALMA MARKET
174734;PRZEDSIĘBIORSTWO PRODUKCYJNO-HANDLOWE KOMPAP;PRZEDSIĘBIORSTWO PRODUKCYJNO-HANDLOWE KOMPAP
174741;WASKO;WASKO
174758;ENERGOINSTAL;ENERGOINSTAL
174764;PEPEES;PRZEDSIĘBIORSTWO PRZEMYSŁU SPOŻYWCZEGO PEPEES
174774;LENA LIGHTING;LENA LIGHTING
174777;INTER GROCLIN AUTO;INTER GROCLIN AUTO
174779;S.L. OD CORPFIN CAPITAL FUND III F.C .R., CORPFIN CAPITAL;AMREST HOLDINGS SE
174782;ZAREJESTROWANE ZOSTAŁO W KRS POŁĄCZENIE KRYNICKI RECYKLING;KRYNICKI RECYKLING
174783;FAST FINANCE;FAST FINANCE
174789;POL-MOT WARFAMA;POL-MOT WARFAMA
174794;PROJPRZEM;PROJPRZEM
174797;DOMU MAKLERSKIEGO WDM;DOM MAKLERSKI WDM S. A.
174798;PRIMA MODA;PRIMA MODA
174800;PRAGMA FAKTORING;PRAGMA FAKTORING
174889;NARODOWY FUNDUSZ INWESTYCYJNY MAGNA POLONIA;NARODOWY FUNDUSZ INWESTYCYJNY MAGNA POLONIA
174900;SKYLINE INVESTMENT;SKYLINE INVESTMENT
174904;MOSTOSTAL WARSZAWA;MOSTOSTAL WARSZAWA
174905;KOPEX;KOPEX
174914;ZM „ROPCZYCE”;"ZAKŁADY MAGNEZYTOWE ""ROPCZYCE"""
174922;MOSTOSTAL ZABRZE HOLDING;MOSTOSTAL ZABRZE HOLDING
174924;„HYDROTOR”;PRZEDSIĘBIORSTWO HYDRAULIKI SIŁOWEJ 'HYDROTOR'
174925;PRZYJĘTE UCHWAŁĄ NR 12/1170/2007 RADY GIEŁDY PAPIERÓW WARTOŚCIOWYCH W WARSZAWIE;LSI SOFTWARE
174927;;ELECTUS
174929;UKROSOCBANK UNICREDIT GROUP I ING LUXEMBOURG;ELEKTROBUDOWA
174953;COMP;COMP
174958;„MONNARI TRADE”;MONNARI TRADE
174959;PLAST-BOX;PRZETWÓRSTWO TWORZYW SZTUCZNYCH PLAST-BOX
174961;P „HYGIENIKA”;HYGIENIKA
174968;BBI ZENERIS NFI;BBI ZENERIS NARODOWY FUNDUSZ INWESTYCYJNY
174972;MENNICA POLSKA;MENNICA POLSKA
174983;DELKO;DELKO
174984;;POLNORD
174992;;EMC INSTYTUT MEDYCZNY
174993;POL-AQUA I P.R.I . „POL-AQUA”;PRZEDSIĘBIORSTWO ROBÓT INŻYNIERYJNYCH POL-AQUA
174995;YAWAL;YAWAL
175011;BOMI;BOMI
175017;POLMED;POLMED
175019;CERSANIT;CERSANIT
175021;PRONOX TECHNOLOGY;PRONOX TECHNOLOGY W UPADŁOŚCI UKŁADOWEJ
175037;ABC DATA;ABC DATA
175042;ALTERCO;ALTERCO
175051;”FERRUM”;FERRUM
175059;HARDEX;HARDEX
175062;UNIMA2000;UNIMA 2000 SYSTEMY TELEINFORMATYCZNE S.A
175063;HAWE;HAWE
175073;TRANS ENERGO;ABM SOLID
175078;ZAKŁADÓW „LENTEX”;ZAKŁADY LENTEX
175080;EUROTEL;EUROTEL
175081;ATLANTIS;ATLANTIS
175082;;TRITON DEVELOPMENT
175089;SECO/WARWICK;SECO/WARWICK
175090;SKOK;TOWARZYSTWO FINANSOWE SPÓŁDZIELCZYCH KAS OSZCZĘDNOŚCIOWO-KREDYTOWYCH
175091;LUBAWA;LUBAWA
175092;INTEGER.PL;INTEGER.PL
175097;ZELMER;ZELMER
175107;PANI TERESA MEDICA;PANI TERESA MEDICA
175113;COMPLEX;COMPLEX
175116;;NARODOWY FUNDUSZ INWESTYCYJNY MIDAS
175126;GASTEL ŻURAWIE JEST GASTEL ŻURAWIE;GASTEL ŻURAWIE 
175131;;PBO ANIOŁA
175132;„BARLINEK”;BARLINEK
175137;GRAAL;GRAAL
175142;TALTY;EUROPEJSKI FUNDUSZ HIPOTECZNY
175143;CALATRAVA CAPITAL;CALATRAVA CAPITAL
175241;ARTERI A;ARTERIA
175415;POLMED;POLMED
177796;„BARLINEK”;BARLINEK
182499;KREDYT INKASO;KREDYT INKASO
190891;ZAKŁADÓW AZOTOWYCH „PUŁAWY”;"ZAKŁADY AZOTOWE ""PUŁAWY"""
191161;AB;AB
206326;PKN ORLEN;POLSKI KONCERN NAFTOWY ORLEN
206666;SKA;MACROLOGIC
206891;1.1 . STALEXPORT AUTOSTRADY;STALEXPORT AUTOSTRADY
207022;PEKAO;BANK POLSKA KASA OPIEKI
207127;;POWSZECHNA KASA OSZCZĘDNOŚCI BANK POLSKI
207207;KREDYT BANKU;KREDYT BANK
207257;NORDEA BANK POLSKA;NORDEA BANK POLSKA
207296;BANKU GOSPODARKI ŻYWNOŚCIOWEJ;BANK GOSPODARKI ŻYWNOŚCIOWEJ
207397;KĘTY;GRUPA KĘTY
207707;ZŁ. RELPOL;RELPOL
207766;MIRACULUM;MIRACULUM
207848;GLOBE TRADE CENTRE;GLOBE TRADE CENTRE
207911;RUBICON PARTNERS NARODOWY FUNDUSZ INWESTYCYJNY;RUBICON PARTNERS NARODOWY FUNDUSZ INWESTYCYJNY
207931;GINO ROSSI;GINO ROSSI
208048;ULMA CONSTRUCCION POLSKA;ULMA CONSTRUCCION
208049;ZGODNIE Z OBWIĄZUJĄCYMI PRZEPISAMI LSI SOFTWARE;LSI SOFTWARE
208050;W TARNOWIE-MOŚCICACH;ZAKŁADY AZOTOWE W TARNOWIE-MOŚCICACH
208104;ZŁ. RELPOL;RELPOL
208117;UNIBEP;UNIBEP
208126;ORZEŁ BIAŁY;ORZEŁ BIAŁY
208211;WORK SERVICE;WORK SERVICE
208212;DUON;GRUPA DUON
208311;NETIA;NETIA
208316;PGNIG TERMIKA;POLSKIE GÓRNICTWO NAFTOWE I GAZOWNICTWO
208318;LPP;LPP
208430;SECO/WARWICK;SECO/WARWICK
208495;JEST KCI;KCI
208496;INTER CARS;INTER CARS
208497;KRAKCHEMIA;KRAKCHEMIA
208515;BIPROMET;BIPROMET
208517;POD NAZWĄ MEDICINES;PELION
208518;GRUPY FERRO;FERRO
208581;ABC DATA;ABC DATA
208641;ECHO INVESTMENT;ECHO INVESTMENT
208644;CENTRUM MEDYCZNE ENEL-MED;CENTRUM MEDYCZNE ENEL-MED
208654;INWESTYCYJNE;POWSZECHNE TOWARZYSTWO INWESTYCYJNE
208662;INTEGER.PL;INTEGER.PL
208682;NG2;NG2
208690;KINO POLSKA TV;KINO POLSKA TV
208766;PFLEIDERER GRAJEWO;PFLEIDERER GRAJEWO
208771;BENEFIT SYSTEMS;BENEFIT SYSTEMS
208779;ERG;ERG
208781;;M. W. TRADE
208786;COMP;COMP
208797;BANKU;ES-SYSTEM
208798;2.1.1.1. ENEA WYTWARZANIE;ENEA
208800;WARTOŚCIOWYCH W WARSZAWIE;GIEŁDA PAPIERÓW WARTOŚCIOWYCH W WARSZAWIE
208808;W FFIL ŚNIEŻKA;FABRYKA FARB I LAKIERÓW ŚNIEŻKA
208809;VOTUM;VOTUM
208849;LUBAWA;LUBAWA
208851;LUBAWA;LUBAWA
208894;SIMPLE;SIMPLE
208904;SIEDZIBA ADVADIS;ADVADIS W UPADŁOŚCI UKŁADOWEJ
208910;ZM „ROPCZYCE”;ZAKŁADY MAGNEZYTOWE ROPCZYCE
208912;IQ PARTNERS;IQ PARTNERS
208916;;SYNTHOS
208921;NFI EMPIK MEDIA & FASHION;NARODOWY FUNDUSZ INWESTYCYJNY EMPIK MEDIA & FASHION
208928;COLIAN;COLIAN
208932;HISTORIA BORYSZEW;BORYSZEW
208936;K2 INTERNET;K2 INTERNET
208937;MISPOL;MISPOL
208939;ARCTIC PAPER;ARCTIC PAPER
208940;CALATRAVA CAPITAL;CALATRAVA CAPITAL
208941;POZBUD T&R;POZBUD T&R
208944;AMICA WRONKI;AMICA WRONKI
208947;„POLNA”;ZAKŁADY AUTOMATYKI POLNA
208961;ENERGOINSTAL;ENERGOINSTAL
208963;„HYDROTOR”;PRZEDSIĘBIORSTWO HYDRAULIKI SIŁOWEJ 'HYDROTOR'
208967;KORPORACJI GOSPODARCZEJ „EFEKT”;KORPORACJA GOSPODARCZA EFEKT
208971;Z DOTYCHCZASOWEJ POL-MOT WARFAMA;URSUS
208974;FABRYK MEBLI „FORTE”;FABRYKI MEBLI FORTE
208985;;KOELNER
208987;- CHEMOSERVIS-DWORY;CHEMOSERVIS-DWORY
208989;MOSTOSTAL WARSZAWA;MOSTOSTAL WARSZAWA
208999;SKYLINE INVESTMENT;SKYLINE INVESTMENT
209000;BSC DRUKARNIA OPAKOWAŃ;BSC DRUKARNIA OPAKOWAŃ
209002;PRAGMA FAKTORING;PRAGMA FAKTORING
209005;SPOŻYWCZEGO „PEPEES”;PRZEDSIĘBIORSTWO PRZEMYSŁU SPOŻYWCZEGO PEPEES
209080;UNIMA2000;UNIMA 2000 SYSTEMY TELEINFORMATYCZNE S.A
209089;RAINBOW TOURS;RAINBOW TOURS
209092;NORTH COAST;NORTH COAST
209097;QUANTUM SOFTWARE;QUANTUM SOFTWARE
209109;COMPLEX;COMPLEX
209114;BANKU HANDLOWEGO W WARSZAWIE;BANK HANDLOWY W WARSZAWIE
209115;ENERGOMONTAŻ-POŁUDNIE;ENERGOMONTAŻ - POŁUDNIE
209120;PATENTUS;PATENTUS
209122;DOMU MAKLERSKIEGO WDM;DOM MAKLERSKI WDM S. A.
209125;IDEON;IDEON
209127;POWSZECHNE TOWARZYSTWO INWESTYCYJNE;ZASTAL
209136;OGŁOSZENIU UPADŁOŚCI ABM SOLID;ABM SOLID
209142;BOWIM;BOWIM
209145;KTOR;LUBELSKIE ZAKŁADY PRZEMYSŁU SKÓRZANEGO PROTEKTOR
209155;INTERBUD-LUBLIN;INTERBUD-LUBLIN
209161;CELTIC PROPERTY DEVELOPMENTS;CELTIC PROPERTY DEVELOPMENTS
209163;- PAGE #4 ATLANTA POLAND”;ATLANTA POLAND
209167;;EMC INSTYTUT MEDYCZNY
209198;ZAKŁADOWYM ZPM HENRYK KANIA;ZAKŁADY MIĘSNE HENRYK KANIA
209202;;CASH FLOW
209204;ZARZĄD NARODOWEGO FUNDUSZU INWESTYCYJNEGO JUPITER;JUPITER NARODOWY FUNDUSZ INWESTYCYJNY
209214;EKO HOLDING;EKO HOLDING
209217;POLCOLORIT;POLCOLORIT
209232;BUMECH;BUMECH
209234;ZAKŁADY LENTEX;ZAKŁADY LENTEX
209238;HYDROBUDOWA POLSKA;HYDROBUDOWA POLSKA W UPADŁOŚCI UKŁADOWEJ
209240;HYDROBUDOWA POLSKA;HYDROBUDOWA POLSKA W UPADŁOŚCI UKŁADOWEJ
209241;YAWAL;YAWAL
209244;BUDOPOL WROCŁAW;BUDOPOL-WROCŁAW
209245;SKOTAN;SKOTAN
209251;GANT DEVELOPMENT;GANT DEVELOPMENT
209259;NOKAUT;GRUPA NOKAUT
209264;VISTULA GROUP;VISTULA GROUP
209272;ZUE;ZUE
209274;GRUPY „MOSTOSTAL-EXPORT”;MOSTOSTAL-EXPORT
209275;MOSTOSTAL ZABRZE HOLDING;MOSTOSTAL ZABRZE HOLDING
209276;;PCC EXOL
209281;BBI ZENERIS NFI;BBI ZENERIS NARODOWY FUNDUSZ INWESTYCYJNY
209283;PAKIETÓW AKCJI P.R.I. „POL-AQUA”;PRZEDSIĘBIORSTWO ROBÓT INŻYNIERYJNYCH POL-AQUA
209285;SPRAWOZDANIE Z CAŁKOWITYCH DOCHODÓW GRAAL;GRAAL
209286;SANWIL HOLDING;SANWIL HOLDING
209287;ATLANTIS;ATLANTIS
209288;;EUROPEJSKI FUNDUSZ HIPOTECZNY
209289;ZAKŁAD BUDOWY MASZYN „ZREMB – CHOJNICE”;ZAKŁAD BUDOWY MASZYN ZREMB-CHOJNICE
209293;KORPORACJA BUDOWLANA DOM;"KORPORACJA BUDOWLANA ""DOM"""
209294;DELKO;DELKO
209295;„BARLINEK”;BARLINEK
209296;MNI;MNI
209297;BIOTON;BIOTON
209300;ELKOP;ELKOP
209301;DOLNOŚLĄSKIE SUROWCE SKALNE;DOLNOŚLĄSKIE SUROWCENE W UPADŁOŚCI UKŁADOWEJ
209303;TESGAS;TESGAS
209316;;PZ CORMAY
209317;ONE-2 -ONE”;ONE-2-ONE
209326;VISTULA GROUP;VISTULA GROUP
209333;HERKULES JEST HERKULES;HERKULES 
209338;POLMED;POLMED
209401;HYDROBUDOWA POLSKA;HYDROBUDOWA POLSKA W UPADŁOŚCI UKŁADOWEJ
209404;HYDROBUDOWA POLSKA;HYDROBUDOWA POLSKA W UPADŁOŚCI UKŁADOWEJ
209460;* DEUTSCHE BANK PBC;DOM MAKLERSKI IDM
209498;BLACK LION NARODOWY FUNDUSZ INWESTYCYJNY;BLACK LION NARODOWY FUNDUSZ INWESTYCYJNY
209905;W DNIU 30 STYCZNIA 2012R. PBO ANIOŁA;PBO ANIOŁA
210314;MCI MANAGEMENT;MCI MANAGEMENT
210410;„BARLINEK”;BARLINEK
213440;FIRMY HANDLOWEJ JAGO;FIRMA HANDLOWA JAGO W UPADŁOŚCI LIKWIDACYJNEJ
220007;BLACK LION NARODOWY FUNDUSZ INWESTYCYJNY;BLACK LION NARODOWY FUNDUSZ INWESTYCYJNY
224026;AB;AB
224056;ZAKŁADÓW AZOTOWYCH „PUŁAWY”;"ZAKŁADY AZOTOWE ""PUŁAWY"""
224231;BAKALLAND;BAKALLAND
231956;SYGNITY;SYGNITY
239510;AUTOSTRADA MAZOWSZE;STALEXPORT AUTOSTRADY
240360;AKCJE PGNIG;POLSKIE GÓRNICTWO NAFTOWE I GAZOWNICTWO
240366;BANKU GOSPODARKI ŻYWNOŚCIOWEJ;BANK GOSPODARKI ŻYWNOŚCIOWEJ
240466;INTERFERIE;INTERFERIE
240481;PRIMA MODA;PRIMA MODA
240482;;FAM GRUPA KAPITAŁOWA
240556;JHM DEVELOPMENT;JHM DEVELOPMENT
240621;GLOBE TRADE CENTRE;GLOBE TRADE CENTRE
240783;4 FUN MEDIA;4FUN MEDIA
240838;;SOLAR COMPANY
240848;SCOTLAND N.V I BANKIEM ZACHODNIM WBK;AMREST HOLDINGS SE
240849;3. ROLDROB;AMREST HOLDINGS SE
240931;KRAKCHEMIA;KRAKCHEMIA
240932;KINO POLSKA TV;KINO POLSKA TV
240949;TELL;TELL
240994;MEDIATEL;MEDIATEL
241002;UNIDEVELOPMENT;UNIBEP
241004;CD PROJEKT;CD PROJEKT
241010;POZBUD T&R;POZBUD T&R
241013;ERBUD;ERBUD
241019;FAST FINANCE;FAST FINANCE
241020;;POWSZECHNY ZAKŁAD UBEZPIECZEŃ
241022;PLAST-BOX;PRZETWÓRSTWO TWORZYW SZTUCZNYCH PLAST-BOX
241027;KANIA;ZAKŁADY MIĘSNE HENRYK KANIA
241032;RAWLPLUG;RAWLPLUG
241096;PC GUARD;PC GUARD
241100;ABC DATA;ABC DATA
241102;EUROPA;M. W. TRADE
241123;GRUPY BENEFIT SYSTEMS;BENEFIT SYSTEMS
241126;CYFROWY POLSAT;CYFROWY POLSAT
241129;PATENTUS;PATENTUS
241133;IZOSTAL;IZOSTAL
241199;J.W . CONSTRUCTION HOLDING;J.W. CONSTRUCTION HOLDING
241203;ERG;ERG
241225;DELKO;DELKO
241249;MEDIS S.A ., W WYNIKU KTÓREGO REMEDIS;INVESTCON GROUP
241253;PRAGMA FAKTORING;PRAGMA FAKTORING
241337;TOWARZYSTWO FUNDUSZY INWESTYCYJNYCH BNP PARIBAS POLSKA;BNP PARIBAS BANK POLSKA
241348;COGNOR;COGNOR
241367;RESBUD;RESBUD
241371;GLOBAL COSMED;GLOBAL COSMED
241380;FABRYKA OBRABIAREK RAFAMET;FABRYKA OBRABIAREK RAFAMET
241381;ZAMET INDUSTRY;ZAMET INDUSTRY
241383;POMIAROWYCH. AKCJE APATOR;APATOR
241384;POMIAROWYCH. AKCJE APATOR;APATOR
241389;GETIN HOLDING;GETIN HOLDING
241391;FABRYK MEBLI „FORTE”;FABRYKI MEBLI FORTE
241393;AZOTY ZAKŁADY AZOTOWE „PUŁAWY”;GRUPA AZOTY
241401;PROJPRZEM;PROJPRZEM
241406;HYGIENIKA;HYGIENIKA
241414;KOMPAP;PRZEDSIĘBIORSTWO PRODUKCYJNO-HANDLOWE KOMPAP
241415;SKYLINE INVESTMENT;SKYLINE INVESTMENT
241425;CHEMOSERVIS-DWORY;CHEMOSERVIS-DWORY
241427;BSC DRUKARNIA OPAKOWAŃ;BSC DRUKARNIA OPAKOWAŃ
241432;;EMC INSTYTUT MEDYCZNY
241437;ATENDE;ATENDE
241447;VOTUM;VOTUM
241531;NORTH COAST;NORTH COAST
241556;TRAKCJ A;TRAKCJA
241560;OBEJMUJE KONSOLIDACJĘ PROTEKTOR;LUBELSKIE ZAKŁADY PRZEMYSŁU SKÓRZANEGO PROTEKTOR
241565;INTAKUS;INTAKUS
241571;HYPERION;HYPERION
241593;BANKU HANDLOWEGO W WARSZAWIE;BANK HANDLOWY W WARSZAWIE
241596;MOSTOSTAL ZABRZE HOLDING;MOSTOSTAL ZABRZE HOLDING
241599;AWBUD;AWBUD
241613;FASING;FABRYKI SPRZĘTU I NARZĘDZI GÓRNICZYCH GRUPA KAPITAŁOWA FASING
241619;MAGELLAN;MAGELLAN
241628;ARCUS;ARCUS
241632;;PCC EXOL
241633;COMP;COMP
241664;AKCYJNA LSI SOFTWARE;LSI SOFTWARE
241675;„BARLINEK”;BARLINEK
241677;SYNTHOS;SYNTHOS
241680;ADVADIS;ADVADIS W UPADŁOŚCI UKŁADOWEJ
241685;BERLING;BERLING
241691;KURS AKCJI GPM „VINDEXUS”;GIEŁDA PRAW MAJĄTKOWYCH VINDEXUS
241694;VOXEL;VOXEL
241695;PRÓCHNIK;PRÓCHNIK
241697;COMPLEX;COMPLEX
241703;SPRAWOZDANIE Z CAŁKOWITYCH DOCHODÓW GRAAL;GRAAL
241707;EUROTEL;EUROTEL
241718;BLACK LION FUND;BLACK LION FUND
241720;GANT DEVELOPMENT;GANT DEVELOPMENT
241721;ZARZĄD JUPITER;JUPITER NARODOWY FUNDUSZ INWESTYCYJNY
241734;WOJAS;WOJAS
241741;W DNIU 18 CZERWCA 2013 R. PROTEA DEVELOPMENT;PBO ANIOŁA
241743;RAINBOW TOURS;RAINBOW TOURS
241777;NTT SYSTEM;NTT SYSTEM
241836;POLCOLORIT;POLCOLORIT
241850;SKOTAN;SKOTAN
241861;BOWIM;BOWIM
241879;RANK PROGRESS;RANK PROGRESS
241890;** POŚREDNI UDZIAŁ WIKANA;WIKANA
242895;RAINBOW TOURS;RAINBOW TOURS
248616;SWISSMED CENTRUM ZDROWIA;SWISSMED CENTRUM ZDROWIA
254326;AMBRA;AMBRA
263733;17.2 STAN POSIADANYCH AKCJI SYGNITY;SYGNITY
270295;RYSUNEK 5 STRUKTURA ORGANIZACYJNA STALEXPORT AUTOSTRADY;STALEXPORT AUTOSTRADY
270556;POLISH ENERGY PARTNERS;POLISH ENERGY PARTNERS
270718;SKYLINE INVESTMENT;SKYLINE INVESTMENT
270927;;ENERGA
270935;BANKU GOSPODARKI ŻYWNOŚCIOWEJ;BANK GOSPODARKI ŻYWNOŚCIOWEJ
271020;S.A., RABOBANKIEM POLSKA;AMREST HOLDINGS SE
271021;3. CONWAY;AMREST HOLDINGS SE
271022;PGNIG;POLSKIE GÓRNICTWO NAFTOWE I GAZOWNICTWO
271025;AZOTY ZAKŁADY CHEMICZNE „POLICE”;GRUPA AZOTY ZAKŁADY CHEMICZNE POLICE
271026;ULMA CONSTRUCCION POLSKA;ULMA CONSTRUCCION POLSKA
271102;PRIMA MODA;PRIMA MODA
271146;ZARZĄD GLOBAL COSMED;GLOBAL COSMED
271207;JHM DEVELOPMENT;JHM DEVELOPMENT
271210;MONNARI TRADE;MONNARI TRADE
271264;;BENEFIT SYSTEMS
271335;TOYA;TOYA
271347;PLATINUM PROPERTIES GROUP;PLATINUM PROPERTIES GROUP
271349;PLATINUM PROPERTIES GROUP;PLATINUM PROPERTIES GROUP
271355;;REDAN
271356;GLOBE TRADE CENTRE;GLOBE TRADE CENTRE
271405;MLP GROUP;MLP GROUP
271410;PLAST-BOX;PRZETWÓRSTWO TWORZYW SZTUCZNYCH PLAST-BOX
271437;;EMC INSTYTUT MEDYCZNY
271560;Z PRZYJEMNOŚCIĄ ODDAJEMY W PAŃSTWA RĘCE RAPORT PRAGMA FAKTORING;PRAGMA FAKTORING
271575;EMPERIA HOLDING;EMPERIA HOLDING
271582;ABC DATA;ABC DATA
271583;GRUPY FERRO;FERRO
271586;;M. W. TRADE
271663;KCI;KCI
271738;TORPOL;TORPOL
271743;WARSZAWIE;PCC ROKITA
271748;PAMAPOL;PAMAPOL
271751;J.W. CONSTRUCTION HOLDING;J.W. CONSTRUCTION HOLDING
271761;;EUROPEJSKI FUNDUSZ HIPOTECZNY
271769;TELE-POLSKA HOLDING;TELE-POLSKA HOLDING
271783;NETIA;NETIA
271789;STANOWIĄCYCH 30,09 % UDZIAŁU W OGÓLNEJ LICZBIE GŁOSÓW NA WALNYM ZGROMADZENIU ELKOP ENERGY;ELKOP
271791;ELEKTROWNI PĄTNÓW – ADAMÓW – KONIN;ZESPÓŁ ELEKTROWNI PĄTNÓW-ADAMÓW-KONIN
271792;PKP CARGO;PKP CARGO
271794;CYFROWY POLSAT;CYFROWY POLSAT
271795;P.A. NOVA;P.A. NOVA
271797;ELEKTROWNI PĄTNÓW – ADAMÓW – KONIN;ZESPÓŁ ELEKTROWNI PĄTNÓW-ADAMÓW-KONIN
271801;GETIN HOLDING;GETIN HOLDING
271803;AWBUD;AWBUD
271868;;PLATFORMA MEDIOWA POINT GROUP
271875;WILBO;WILBO W UPADŁOŚCI UKŁADOWEJ
271877;GROCLIN;GROCLIN
271891;MEX POLSKA;MEX POLSKA
271911;POZBUD T&R;"POZBUD T&AMP;R"
271913;RESBUD;RESBUD
271914;ATLANTIS;ATLANTIS
271917;INVESTMENT FRIENDS CAPITAL;INVESTMENT FRIENDS CAPITAL
271924;CAPITAL PARTNERS;CAPITAL PARTNERS
271927;LENA LIGHTING;LENA LIGHTING
271928;PCC INTERMODAL;PCC INTERMODAL
271930;AMICA WRONKI;AMICA WRONKI
271937;GINO ROSSI;GINO ROSSI
271938;LINIĘ WIELOCELOWĄ NR 243037705/202/2011 Z DNIA 09.12.2011 BPH;BRIJU
271940;SKŁADA SIĘ Z LC CORP;LC CORP
271947;INSTAL KRAKÓW;INSTAL KRAKÓW
271951;BSC DRUKARNIA OPAKOWAŃ;BSC DRUKARNIA OPAKOWAŃ
271953;- CHEMOSERVIS-DWORY;CHEMOSERVIS-DWORY
271955;REDWOOD HOLDING;REDWOOD HOLDING
271974;6.12 CZYNNIKI, KTÓRE BĘDĄ MIAŁY WPŁYW NA OSIĄGANE PRZEZ VOTUM;VOTUM
271975;PRZEZ INC;INC
271977;KOMPAP;PRZEDSIĘBIORSTWO PRODUKCYJNO-HANDLOWE KOMPAP
271982;OPTEAM;OPTEAM
271983;NORTH COAST;NORTH COAST
272002;UNMA2000 SYSTEMY TELEINFORMATYCZNE;UNIMA 2000 SYSTEMY TELEINFORMATYCZNE S.A
272066;5.17.1 ZABEZPIECZENIE KREDYTU W PKO BANK POLSKI;GIEŁDA PRAW MAJĄTKOWYCH VINDEXUS
272076;NEWAG;NEWAG
272077;DOMU MAKLERSKIEGO WDM;DOM MAKLERSKI WDM S. A.
272087;IMPERA CAPITAL;IMPERA CAPITAL
272091;PC GUARD;PC GUARD
272100;QUANTUM SOFTWARE;QUANTUM SOFTWARE
272104;PROJPRZEM;PROJPRZEM
272105;MAGELLAN;MAGELLAN
272108;ARCUS;ARCUS
272112;RAINBOW TOURS;RAINBOW TOURS
272113;JEDNOSTKOWE FON;FON
272114;AKCYJNA LSI SOFTWARE;LSI SOFTWARE
272115;WARFAMA;URSUS
272119;„HYDROTOR”;PRZEDSIĘBIORSTWO HYDRAULIKI SIŁOWEJ 'HYDROTOR'
272132;GK HYPERION;HYPERION
272133;CI GAMES;CI GAMES
272140;TOWARZYSTWO INWESTYCYJNE;ZASTAL
272144;MIT MOBILE INTERNET TECHNOLOGY;MIT MOBILE INTERNET TECHNOLOGY
272148;ADVADIS;ADVADIS
272200;ZAWARCIE UMOWY Z INDUSTRIAS QUÍMICAS DEL ÓXIDO DE ETILENO;PCC EXOL
272210;KORPORACJA BUDOWLANA DOM;KORPORACJA BUDOWLANA DOM
272234;PRÓCHNIK;PRÓCHNIK
272237;ZARZĄD JUPITER;JUPITER NARODOWY FUNDUSZ INWESTYCYJNY
272240;SPRAWOZDANIE Z CAŁKOWITYCH DOCHODÓW GRAAL;GRAAL
272262;OT LOGISTICS;OT LOGISTICS
272268;VARIANT;VARIANT
272269;6. STAN POSIADANIA AKCJI TESGAS S.A . ORAZ UDZIAŁÓW W JEDNOSTKACH POWIĄZANYCH TESGAS;TESGAS
272270;TESGAS;TESGAS
272273;BOWIM;BOWIM
272334;5. WŁADZE VANTAGE DEVELOPMENT;VANTAGE DEVELOPMENT
272347;CENTRUM MEDYCZNE ENEL-MED;CENTRUM MEDYCZNE ENEL-MED
272357;AD.DRĄGOWSKI;AD.DRĄGOWSKI
272362;CUBE.ITG;CUBE.ITG
272364;SKOTAN;SKOTAN
272388;ZARZĄD CD PROJEKT;CD PROJEKT
272396;ZAKŁADOWEGO OBJĘTE SĄ PRZEZ INTERBUD-LUBLIN;INTERBUD-LUBLIN
272399;WYBRANE DANE MIDAS;MIDAS
272406;WIELTON;WIELTON
272407;ALMA MARKET;ALMA MARKET
272411;EUROTEL;EUROTEL
272426;PHN;POLSKI HOLDING NIERUCHOMOŚCI
272432;DM IDM;DOM MAKLERSKI IDM
272442;SMT;SMT
272992;;EUROPEJSKI FUNDUSZ HIPOTECZNY
278379;LIVECHAT SOFTWARE;LIVECHAT SOFTWARE
278581;KREDYT INKASO;KREDYT INKASO
278982;KOMPUTRONIK;KOMPUTRONIK
293087;MAGNA POLONIA;MAGNA POLONIA
293845;SOHO DEVELOPMENT;SOHO DEVELOPMENT
298749;POLSKI KONCERN NAFTOWY ORLEN;POLSKI KONCERN NAFTOWY ORLEN
299144;WARTOŚCIOWYCH W WARSZAWIE;GIEŁDA PAPIERÓW WARTOŚCIOWYCH W WARSZAWIE
299241;STALEXPORT AUTOSTRADY;STALEXPORT AUTOSTRADY
299468;;M. W. TRADE
299470;PEKAO;BANK POLSKA KASA OPIEKI
299760;;FAM GRUPA KAPITAŁOWA
299799;;POWSZECHNA KASA OSZCZĘDNOŚCI BANK POLSKI
299856;GETIN HOLDING;GETIN HOLDING
299912;POLENERGIA;POLENERGIA
300059;** PZU PTE;AMREST HOLDINGS SE
300101;TARCZYŃSKI;TARCZYŃSKI
300249;FAST FINANCE;FAST FINANCE
300341;;ES-SYSTEM
300343;PRAGMA FAKTORING;PRAGMA FAKTORING
300350;I RADY NADZORCZEJ GLOBE TRADE CENTRE;GLOBE TRADE CENTRE
300424;;EMC INSTYTUT MEDYCZNY
300484;MLP GROUP;MLP GROUP
300543;5.17 .2. STRUKTURA SPRZEDAŻY, KOSZTÓW I RENTOWNOŚĆ MIRBUD;MIRBUD
300551;ZUE;ZUE
300556;TESGAS;TESGAS
300604;POD NAZWĄ MEDICINES;PELION
300620;CAPITAL PARK;CAPITAL PARK
300624;CAPITAL PARK;CAPITAL PARK
300627;PRIME CAR MANAGEMENT;PRIME CAR MANAGEMENT
300641;QUMAK;QUMAK
300647;ZAKŁADY AZOTOWE „PUŁAWY”;"GRUPA AZOTY ZAKŁADY AZOTOWE ""PUŁAWY"""
300650;DOM DEVELOPMENT;DOM DEVELOPMENT
300709;INC;INC
300721;CHEMI-PLAN;PCC ROKITA
300725;UNIBEP;UNIBEP
300726;KRAKCHEMIA;KRAKCHEMIA
300738;GLOBAL COSMED;GLOBAL COSMED
300743;5. WŁADZE VANTAGE DEVELOPMENT;VANTAGE DEVELOPMENT
300747;MFO;MFO
300748;WILBO;WILBO
300751;AKCJE REDAN;REDAN
300754;P.A. NOVA;P.A. NOVA
300809;STOMIL SANOK;SANOCKIE ZAKŁADY PRZEMYSŁU GUMOWEGO STOMILNOK
300810;ATM;ATM
300817;;MAGELLAN
300819;PCC INTERMODAL;PCC INTERMODAL
300826;IMMOBILE;GRUPA KAPITAŁOWA IMMOBILE
300851;SELENA FM;SELENA FM
300866;W SKŁAD GRUPY WCHODZI DELKO;DELKO
300872;KORPORACJA BUDOWLANA DOM;KORPORACJA BUDOWLANA DOM
300900;FARONA W KRAKOWIE. UNIMA 2000 SYSTEMY TELEINFORMATYCZNE;UNIMA 2000 SYSTEMY TELEINFORMATYCZNE S.A
300959;AURUM;AURUM W UPADŁOŚCI UKŁADOWEJ
300961;FARMACOL;FARMACOL
300967;ARTERIA;ARTERIA
300976;IMPERA CAPITAL;IMPERA CAPITAL
300984;IQ PARTNERS;IQ PARTNERS
300986;FAMUR;FAMUR
301004;PRÓCHNIK;PRÓCHNIK
301011;POZBUD T&R;POZBUD T&R
301017;TELE-POLSKA HOLDING;TELE-POLSKA HOLDING
301019;4 FUN MEDIA;4FUN MEDIA
301040;INWESTYCYJNE;POWSZECHNE TOWARZYSTWO INWESTYCYJNE
301049;CUBE.ITG;CUBE.ITG
301051;SZEROKA I KOMPLEKSOWA OFERTA STANOWI ISTOTNĄ PRZEWAGĘ KONKURENCYJNĄ VISTAL GDYNIA;VISTAL GDYNIA
301055;MERCATOR MEDICAL;MERCATOR MEDICAL
301056;ZALEŻNYCH OD EMITENTA UDZIELONEGO PRZEZ BANK MILLENNIUM;WORK SERVICE
301060;LENA LIGHTING;LENA LIGHTING
301076;INSTAL KRAKÓW;INSTAL KRAKÓW
301077;GRUPY PPH KOMPAP;PRZEDSIĘBIORSTWO PRODUKCYJNO-HANDLOWE KOMPAP
301079;SKYLINE INVESTMENT;SKYLINE INVESTMENT
301081;SONEL;SONEL
301085;TELL;TELL
301089;CENTRUM MEDYCZNE ENEL-MED;CENTRUM MEDYCZNE ENEL-MED
301092;CENTRUM MEDYCZNE ENEL-MED;CENTRUM MEDYCZNE ENEL-MED
301094;POLIMEX – MOSTOSTAL;POLIMEX-MOSTOSTAL
301096;POLIMEX-MOSTOSTAL;POLIMEX-MOSTOSTAL
301145;;SOLAR COMPANY
301150;ZBYCIA AKCJI QUANTUM SOFTWARE;QUANTUM SOFTWARE
301158;POLCOLORIT;POLCOLORIT
301162;SKYSTONE CAPITAL;SKYSTONE  CAPITAL 
301187;REDWOOD HOLDING;REDWOOD HOLDING
301189;APATOR;APATOR
301195;APATOR;APATOR
301202;PATENTUS;PATENTUS
301205;KORPORACJA GOSPODARCZA „EFEKT”;KORPORACJA GOSPODARCZA EFEKT
301207;ROVESE;ROVESE
301209;WASKO;WASKO
301212;PLATYNOWE INWESTYCJE;PLATYNOWE INWESTYCJE
301220;RAFAKO;RAFAKO
301221;GRUPY JEST AMICA WRONKI;AMICA WRONKI
301229;WIKANA;WIKANA
301243;ABM SOLID;ABM SOLID W UPADŁOŚCI UKŁADOWEJ
301247;COMP;COMP
301251;BALTIC CERAMICS INVESTMENTS S.A . Z SIEDZIBĄ W WARSZAWIE, ELECTROCERAMICS;INDYGOTECH MINERALS
301252;GRUPY KAPIAŁOWEJ INDATA SOFTWARE;INDATA SOFTWARE
301255;MIRACULUM;MIRACULUM
301256;SMT;SMT
301265;GRUPY JEST ECHO INVESTMENT;ECHO INVESTMENT
301266;AWBUD;AWBUD
301270;;GIEŁDA PRAW MAJĄTKOWYCH VINDEXUS
301271;PZ CORMAY;PZ CORMAY
301275;ZAMET INDUSTRY;ZAMET INDUSTRY
301290;EUROTEL;EUROTEL
301300;PBO ANIOŁA;PBO ANIOŁA
301307;SKOTAN;SKOTAN
301309;ATLANTIS;ATLANTIS
301311;POPRZEZ PRZENIESIENIE NA ZAKŁADY MIĘSNE HENRYK KANIA;ZAKŁADY MIĘSNE HENRYK KANIA
301318;GRAAL;GRAAL
301324;PAMAPOL;PAMAPOL
301328;WIELTON;WIELTON
301329;EVEREST INVESTMENTS;EVEREST INVESTMENTS
301330;BORYSZEW;BORYSZEW
307220;GRODNO;GRODNO
307325;KREDYT INKASO;KREDYT INKASO
307556;SWISSMED CENTRUM ZDROWIA;SWISSMED CENTRUM ZDROWIA
314249;AB;AB
319381;ATLANTIS;ATLANTIS
322606;SOHO DEVELOPMENT;SOHO DEVELOPMENT
322771;SUWARY;SUWARY
32618;BANK ZACHODNI WBK;BANK ZACHODNI WBK
32619;BANK ZACHODNI WBK;BANK ZACHODNI WBK
32856;EUROPE GMBH ORAZ POLSKI SYSTEM RECYKLINGU – ORGANIZACJA ODZYSKU;MONDI PACKAGING PAPER ŚWIECIE
328709;WARTOŚCIOWYCH W WARSZAWIE;GIEŁDA PAPIERÓW WARTOŚCIOWYCH W WARSZAWIE
329012;PEKAO;BANK POLSKA KASA OPIEKI
329013;ING BANKU ŚLĄSKIEGO;ING BANK ŚLĄSKI
329100;KRAKCHEMIA;KRAKCHEMIA
329113;ALMA MARKET;ALMA MARKET
329115;NETIA;NETIA
329332;RESBUD;RESBUD
329577;FAST FINANCE;FAST FINANCE
329587;POLENERGIA;POLENERGIA
329592;ERG;ERG
329599;OPERACYJNYCH. LOKUM DEWELOPER;LOKUM DEWELOPER
329699;ZALEŻNĄ FINACCESS CAPITAL,;AMREST HOLDINGS SE
329707;CDRL;CDRL
329778;TARCZYŃSKI;TARCZYŃSKI
329986;W WYSOKOŚCI 18 MLN ZŁ W DRODZE PUBLICZNEJ EMISJI AKCJI MASTER PHARM;MASTER PHARM
329990;BENEFIT SYSTEMS;BENEFIT SYSTEMS
329993;APLISENS;APLISENS
329994;MBANK;ES-SYSTEM
330053;GRAAL;GRAAL
330171;ATLANTIS;ATLANTIS
330237;PODSTAWIE OSTATNIEGO NOTOWANIA NA TOWAROWEJ GIEŁDZIE ENERGII;PCC ROKITA
330246;PPH KOMPAP;PRZEDSIĘBIORSTWO PRODUKCYJNO-HANDLOWE KOMPAP
330321;ZUE;ZUE
330330;PRIME CAR MANAGEMENT;PRIME CAR MANAGEMENT
330332;MONNARI TRADE;MONNARI TRADE
330333;AZOTY ZAKŁADY AZOTOWE KĘDZIERZYN;GRUPA AZOTY
330334;„POLICE”;GRUPA AZOTY ZAKŁADY CHEMICZNE POLICE
330335;AZOTY ZAKŁADY AZOTOWE „PUŁAWY”;"GRUPA AZOTY ZAKŁADY AZOTOWE ""PUŁAWY"""
330336;;POWSZECHNY ZAKŁAD UBEZPIECZEŃ
330429;CAPITAL PARTNERS;CAPITAL PARTNERS
330434;CCC;CCC
330435;DOM DEVELOPMENT;DOM DEVELOPMENT
330437;ENERGOINSTAL;ENERGOINSTAL
330515;WITTCHEN;WITTCHEN
330517;AKCYJNA LSI SOFTWARE;LSI SOFTWARE
330520;KINO POLSKA TV;KINO POLSKA TV
330616;ELEMENTAL HOLDING;ELEMENTAL HOLDING
330625;30.06.2016 R. APLITT;APLITT
330635;4 FUN MEDIA;4FUN MEDIA
330686;ZAKŁADY AUTOMATYKI „POLNA”;ZAKŁADY AUTOMATYKI POLNA
330691;;POWSZECHNA KASA OSZCZĘDNOŚCI BANK POLSKI
330694;ATAL;ATAL
330695;ARCTIC PAPER;ARCTIC PAPER
330697;POLIMEX–MOSTOSTAL;POLIMEX-MOSTOSTAL
330700;POLIMEX - MOSTOSTAL;POLIMEX-MOSTOSTAL
330744;APATOR;APATOR
330745;APATOR;APATOR
330747;SANOK RUBBER COMPANY;SANOK RUBBER COMPANY
330751;2.1. ZAWARCIE UMOWY POŻYCZKI Z PODMIOTEM ZALEŻNYM P.R.E.S.C.O. GROUP;P.R.E.S.C.O. GROUP
330754;POLIMEX – MOSTOSTAL;TORPOL
330758;4.7 . UCHWAŁA ZWZ IMS;IMS
330765;CALATRAVA CAPITAL;CALATRAVA CAPITAL
330767;FINANCIAL ASSETS MANAGEMENT GROUP;FINANCIAL ASSETS MANAGEMENT GROUP
330770;CHEMOSERVIS-DWORY;CHEMOSERVIS-DWORY
330776;ERBUD;ERBUD
330782;NA DZIEŃ 30 CZERWCA 2 016 R. AKCJONARIAT COGNOR;COGNOR
330783;EMPERIA HOLDING;EMPERIA HOLDING
330789;POŚREDNIO ZALEŻNE OD DEKPOL;DEKPOL
330805;CFI HOLDING;CFI HOLDING
330810;OEX;OEX
330816;5.17 .2. STRUKTURA SPRZEDAŻY, KOSZTÓW I RENTOWNOŚĆ MIRBUD;MIRBUD
330872;MUZA;MUZA
330874;I2 DEVELOPMENT;I2 DEVELOPMENT
330877;IMPERA CAPITAL;IMPERA CAPITAL
330881;SKA;POLSKA GRUPA ODLEWNICZA
330886;INTER CARS;INTER CARS
330888;IQ PARTNERS;IQ PARTNERS
330890;PMPG POLSKIE MEDIA;PMPG POLSKIE MEDIA
330908;KORPORACJA BUDOWLANA DOM;"KORPORACJA BUDOWLANA ""DOM"""
330917;LARK.PL;LARK.PL
330941;PRÓCHNIK;PRÓCHNIK
330943;CAPITAL PARK;CAPITAL PARK
330951;5.600 TYS. PLN NA RZECZ CREDIT AGRICOLE BANK POLSKA;VISTAL GDYNIA
330952;FON;FON
330953;POLMED;POLMED
330959;KRYNICKI RECYKLING;KRYNICKI RECYKLING
330960;ABM SOLID;ABM SOLID W UPADŁOŚCI UKŁADOWEJ
330968;LENA LIGHTING;LENA LIGHTING
330974;SONEL;SONEL
330975;„PEPEES”;PRZEDSIĘBIORSTWO PRZEMYSŁU SPOŻYWCZEGO PEPEES
330977;POLCOLORIT;POLCOLORIT
330978;SKYLINE INVESTMENT;SKYLINE INVESTMENT
330983;RANK PROGRESS;RANK PROGRESS
330990;KORPORACJA KGL;KORPORACJA KGL
330994;6. STAN POSIADANIA AKCJI TESGAS S.A . ORAZ UDZIAŁÓW W JEDNOSTKACH POWIĄZANYCH TESGAS;TESGAS
331026;FARONA W KRAKOWIE. UNIMA 2000 SYSTEMY TELEINFORMATYCZNE;UNIMA 2000 SYSTEMY TELEINFORMATYCZNE S.A
331045;COLIAN HOLDING;COLIAN HOLDING
331066;SOLAR COMPANY;SOLAR COMPANY
331082;AAT HOLDING;AAT HOLDING
331083;PROJPRZEM;PROJPRZEM
331087;11 BIT STUDIOS;11 BIT STUDIOS
331088;ZPUE;ZPUE
331089;MOSTOSTAL ZABRZE;MOSTOSTAL ZABRZE
331091;PROJPRZEM;PROJPRZEM
331097;NAVIMOR INVEST;ZAKŁAD BUDOWY MASZYN ZREMB-CHOJNICE
331108;PEKABEX;POZNAŃSKA KORPORACJA BUDOWLANA PEKABEX
331109;KORPORACJI GOSPODARCZEJ „EFEKT”;KORPORACJA GOSPODARCZA EFEKT
331112;30. ZESTAWIENIE ZMIAN W STANIE POSIADANIA AKCJI RAFAKO;RAFAKO
331114;PRIMA MODA;PRIMA MODA
331115;W SKŁAD GRUPY WCHODZI DELKO;DELKO
331118;PONIEWAŻ TIM SA JAK RÓWNIEŻ ROTOPINO;TIM
331121;PAMAPOL;PAMAPOL
331127;ZESPOŁU ELEKTROWNI PĄTNÓW – ADAMÓW – KONIN;ZESPÓŁ ELEKTROWNI PĄTNÓW-ADAMÓW-KONIN
331138;IBSM;IBSM
331157;10.8. ZAWARCIE UMOWY Z MBANKIEM;VOXEL
331164;EUROTEL;EUROTEL
331167;INDATA;INDATA
331185;COMP;COMP
331191;ARTERIA;ARTERIA
331231;BORYSZEW;BORYSZEW
331251;I JEDNOSTKI APS ENERGIA;APS ENERGIA
331715;WIELTON;WIELTON
331983;INDYGOTECH MINERALS;INDYGOTECH MINERALS
332361;IALBATROS GROUP;IALBATROS GROUP
33282;POLISH ENERGY PARTNERS;POLISH ENERGY PARTNERS
333108;QUMAK;QUMAK
333239;ESOTIQ & HENDERSON;ESOTIQ & HENDERSON
333360;CENTRUM MEDYCZNE ENEL-MED;CENTRUM MEDYCZNE ENEL-MED
333361;- VIVID GAMES;VIVID GAMES
333496;MAGNA POLONIA;MAGNA POLONIA
333505;;GHELAMCO INVEST SPÓŁKA Z OGRANICZONĄ ODPOWIEDZIALNOŚCIĄ
333510;EVEREST INVESTMENTS;EVEREST INVESTMENTS
333536;REGNON;REGNON
333537;REDWOOD HOLDING;REDWOOD HOLDING
33750;POLSKI KONCERN MIĘSNY DUDA;POLSKI KONCERN MIĘSNY DUDA
337785;GRODNO;GRODNO
338292;LIVECHAT SOFTWARE;LIVECHAT SOFTWARE
338412;SWISSMED CENTRUM ZDROWIA;SWISSMED CENTRUM ZDROWIA
338442;KOMPUTRONIK;KOMPUTRONIK
34159;KREDYT BANKU;KREDYT BANK
342172;IZOBLOK;IZOBLOK
35081;DZ BANK POLSKA;DZ BANK POLSKA
35149;;SOFTBANK
35313;BAUMA;BAUMA
35469;„GRUPY PAGED”;PAGED
355183;SOHO DEVELOPMENT;SOHO DEVELOPMENT
35629;ONE–2 –ONE;ONE-2-ONE
35771;LPP;LPP
35775;POLSKIE GÓRNICTWO NAFTOWE I GAZOWNICTWO;POLSKIE GÓRNICTWO NAFTOWE I GAZOWNICTWO
35801;„RELPOL”;RELPOL
35843;ZALEŻNEJ OD AMS;AGORA
35864;PEPEES;"PRZEDSIĘBIORSTWO PRZEMYSŁU SPOŻYWCZEGO ""PEPEES"""
35867;SKONSOLIDOWANY RAPORT MISPOL;MISPOL
35878;SPRAWOZDANIE ZARZ DU MENNICY POLSKIEJ;MENNICA POLSKA
359023;SUWARY;SUWARY
35939;MOSTOSTAL ZABRZE HOLDING;MOSTOSTAL ZABRZE HOLDING
35942;BANKU HANDLOWEGO W WARSZAWIE;BANK HANDLOWY W WARSZAWIE
35944;ZAKŁADY MAGNEZYTOWE „ROPCZYCE”;"ZAKŁADY MAGNEZYTOWE ""ROPCZYCE"""
35967;WANDALEX;WANDALEX
35983;PROSPER;PROSPER
35988;ENERGOMONTAŻ-POŁUDNIE;ENERGOMONTAŻ - POŁUDNIE
36004;PAMAPOL;PAMAPOL
36022;COMPUTER SERVICE SUPPORT;COMPUTER SERVICE SUPPORT
36030;TOORA POLAND;TOORA POLAND
36032;COMARCH;COMARCH
36037;„BARLINEK”;BARLINEK
36041;GRAAL;GRAAL
36044;GRAAL.;GRAAL
36050;PBG;PBG
36086;ZTS „ ZĄBKOWICE – ERG „;ZAKŁADY TWORZYW SZTUCZNYCH ZĄBKOWICE - ERG
36115;DECORA;DECORA
361255;;POLSKI KONCERN NAFTOWY ORLEN
36146;INTER CARS;INTER CARS
36148;EUROFAKTOR;EUROFAKTOR
36163;EUROCASH;EUROCASH
36187;"OPODATKOWANIA"" ZNAJDUJE SIĘ STRATA PODATKOWA EMAX";EMAX
36188;JC AUTO;JC AUTO
36191;WSIP;WYDAWNICTWA SZKOLNE I PEDAGOGICZNE
362280;IDEA BANK;IDEA BANK
362459;;M. W. TRADE
362484;DATĄ PRZEJŚCIA FAM;FAM
36256;NINIEJSZYM ZARZĄD SWISSMED CENTRUM ZDROWIA;SWISSMED CENTRUM ZDROWIA
362732;RADPOL;RADPOL
362736;CDRL;CDRL
362737;CDRL;CDRL
362739;DECORA;DECORA
363070;ELZAB;ZAKŁADY URZĄDZEŃ KOMPUTEROWYCH ELZAB
363155;;EMC INSTYTUT MEDYCZNY
363243;RESBUD;RESBUD
363264;6. WŁADZE APLISENS;APLISENS
363265;ES-SYSTEM SCANDINAVIA AB, POZOSTAWAŁA POD KONTROLĄ ES-SYSTEM;ES-SYSTEM
363342;PAGED;PAGED
363424;;CYFROWY POLSAT
363425;AZOTY;GRUPA AZOTY
363435;CNT;CENTRUM NOWOCZESNYCH TECHNOLOGII
363503;KINO POLSKATV;KINO POLSKA TV
363514;WITTCHEN;WITTCHEN
363532;SYNEKTIK;SYNEKTIK
363635;ZA ZAANGAŻOWANIE W REPOLONIZACJĘ BANKU PEKAO;POWSZECHNA KASA OSZCZĘDNOŚCI BANK POLSKI
363636;PKO BANKU HIPOTECZNEGO;PKO BANK HIPOTECZNY
363637;SANOK RC;SANOK RUBBER COMPANY
363640;POLIMEX–MOSTOSTAL;POLIMEX-MOSTOSTAL
363641;POLIMEX - MOSTOSTAL;POLIMEX-MOSTOSTAL
363642;ARCTIC PAPER;ARCTIC PAPER
363699;POD NAZWĄ MEDICINES;PELION
363712;PRZEDSIĘBIORSTWO HANDLU ZAGRANICZNEGO „BALTONA”;PRZEDSIĘBIORSTWO HANDLU ZAGRANICZNEGO BALTONA
363717;KRYNICA VITAMIN;KRYNICA VITAMIN
363734;EMPERIA HOLDING;EMPERIA HOLDING
363744;MERCATOR MEDICAL;MERCATOR MEDICAL
363812;YOLO;YOLO
363818;DINO POLSKA;DINO POLSKA
363847;BRIJU;BRIJU
363850;MIRBUD;MIRBUD
363908;STALPRODUKT;STALPRODUKT
363909;MUZA;MUZA
363911;FAST FINANCE;FAST FINANCE
363915;"""HYDROTOR""";PRZEDSIĘBIORSTWO HYDRAULIKI SIŁOWEJ 'HYDROTOR'
36393;;EMC INSTYTUT MEDYCZNY
363955;SKYLINE INVESTMENT;SKYLINE INVESTMENT
363957;PKP CARGO;PKP CARGO
363958;ZAKŁADY AUTOMATYKI „POLNA”;ZAKŁADY AUTOMATYKI POLNA
363959;4 FUN MEDIA;4FUN MEDIA
363961;;POWSZECHNY ZAKŁAD UBEZPIECZEŃ
363962;BANKU BGŻ BNP PARIBAS;BANK BGŻ BNP PARIBAS
363965;PATENTUS;PATENTUS
363968;SPOŻYWCZEGO „PEPEES”;PRZEDSIĘBIORSTWO PRZEMYSŁU SPOŻYWCZEGO PEPEES
363971;ARBITRAŻOWEGO LUB ORGANEM ADMINISTRACJI PUBLICZNEJ DOTYCZĄCYCH ABC DATA;ABC DATA
363972;RAWLPLUG;"RAWLPLUG
                 "
363981;LENA LIGHTING;LENA LIGHTING
364070;KORPORACJA KGL;KORPORACJA KGL
364075;INC;INC
364079;MACIERZYSTYCH;POLSKI BANK KOMÓREK MACIERZYSTYCH
364084;NORTH COAST;NORTH COAST
364109;;ZESPÓŁ ELEKTROWNI PĄTNÓW-ADAMÓW-KONIN
364134;ULUM;MIRACULUM
364140;APATOR;APATOR
364141;APATOR;APATOR
364145;LARQ;LARQ
364157;POZBUD T&R;POZBUD T&R
364165;ARTERIA;ARTERIA
364172;ORION INVESTMENT;ORION INVESTMENT
364438;ATENDE;ATENDE
364534;BEST;BEST
364537;POLSKI HOLDING NIERUCHOMOŚCI;POLSKI HOLDING NIERUCHOMOŚCI
364552;SARE;SARE
364554;ATAL;ATAL
364638;INFORMACJE DODATKOWE DOTYCZĄCE SPRAWOZDANIA JEDNOSTKOWEGO CD PROJEKT;CD PROJEKT
364661;PRIME CAR MANAGEMENT;PRIME CAR MANAGEMENT
364662;CAPITAL PARTNERS;CAPITAL PARTNERS
364770;W DNIU 23 MARCA 2017 R. ZARZĄD CI GAMES;CI GAMES
364793;29. ZESTAWIENIE ZMIAN W STANIE POSIADANIA AKCJI RAFAKO;RAFAKO
364800;GINO ROSSI;GINO ROSSI
364885;WOJAS;WOJAS
364900;STRUKTURA WŁASNOŚCIOWA ECHO INVESTMENT;ECHO INVESTMENT
364978;SECO/WARWICK;SECO/WARWICK
364991;DEKPOL;DEKPOL
364999;OEX;OEX
365270;„FORTE”;FABRYKI MEBLI FORTE
365321;EXACT SYSTEMS;WORK SERVICE
365323;ULMA CONSTRUCCION POLSKA;ULMA CONSTRUCCION POLSKA
365325;FABRYKA OBRABIAREK RAFAMET;FABRYKA OBRABIAREK RAFAMET
365438;MOSTOSTAL ZABRZE;MOSTOSTAL ZABRZE
365444;IQ PARTNERS;IQ PARTNERS
365475;ZPUE;ZPUE
365503;LSI SOFTWARE;LSI SOFTWARE
365504;SONEL;SONEL
365506;WARSZAWA;MOSTOSTAL WARSZAWA
365571;BOWIM;BOWIM
365588;NEWAG;NEWAG
365591;EUROTEL;EUROTEL
365683;Z ING BANK ŚLĄSKI;AUTO PARTNER
365719;KOMPAP;PRZEDSIĘBIORSTWO PRODUKCYJNO-HANDLOWE KOMPAP
365822;– SPRAWOZDANIE JEDNOSTKOWE KRUK;KRUK
365829;WIKANA;WIKANA
365954;PBG;PBG
365967;PMPG POLSKIE MEDIA;PMPG POLSKIE MEDIA
366006;W SKŁAD GRUPY WCHODZI DELKO;DELKO
366008;CHEMOSERVIS-DWORY;CHEMOSERVIS-DWORY
366132;W DNIU 27 CZERWCA 2017 R. RADA NADZORCZA OT LOGISTICS;OT LOGISTICS
366270;VIVIDGAMES;VIVID GAMES
366400;RANK PROGRESS;RANK PROGRESS
366624;IMPERA CAPITAL;IMPERA CAPITAL
366638;MZN PROPERTY;MORIZON
366643;KCI;KCI
366644;CPD;CPD
366650;AKCJE UNIMOT;UNIMOT
366660;ZPC OTMUCHÓW;ZAKŁADY PRZEMYSŁU CUKIERNICZEGO OTMUCHÓW
366694;MAGNA POLONIA;MAGNA POLONIA
366733;;GHELAMCO INVEST SPÓŁKA Z OGRANICZONĄ ODPOWIEDZIALNOŚCIĄ
366802;MAKLERSKIEGO PENETRATOR;AILLERON
366803;PLATYNOWE INWESTYCJE;PLATYNOWE INWESTYCJE
366822;MAXCOM;MAXCOM
366839;CITY INSPIRE;SETANTA
366886;;INDATA
366892;KRAKCHEMIA;KRAKCHEMIA
367001;ATM;ATM
367013;LUBLIN;INTERBUD-LUBLIN
367044;REDWOOD HOLDING;REDWOOD HOLDING
367070;GRUPY EKO EXPORT;EKO EXPORT
367072;ABADON REAL ESTATE;ABADON REAL ESTATE
367077;COLIAN HOLDING;COLIAN HOLDING
367080;QUMAK;QUMAK
367085;ZGODNIE ZE STATUTEM GLOBAL COSMED;GLOBAL COSMED
367086;VISTAL GDYNIA;VISTAL GDYNIA
36710;;EMC INSTYTUT MEDYCZNY
36834;KGHM POLSKA MIEDŹ;KGHM POLSKA MIEDŹ
370491;MABION;MABION
373672;KREDYT INKASO;KREDYT INKASO
374116;ZDROWIA;SWISSMED CENTRUM ZDROWIA
37457;W DNIU 22.06.2006R ZWYCZAJNE WALNE ZGROMADZENIE PROSPER;PROSPER
37545;FABRYK SPRZĘTU I NARZĘDZI GÓRNICZYCH FASING;FABRYKI SPRZĘTU I NARZĘDZI GÓRNICZYCH GRUPA KAPITAŁOWA FASING
37612;OCTAVA-NFI;NARODOWY FUNDUSZ INWESTYCYJNY OCTAVA
37621;MENNICA POLSKA;MENNICA POLSKA
37626;WYCENA AKCJI CIECH;SZPG STOMILNOK
376383;REDWOOD HOLDING;REDWOOD HOLDING
37645;KORPORACJA GOSPODARCZA „EFEKT”;KORPORACJA GOSPODARCZA EFEKT
37665;MUZA;MUZA
37668;JUPITER NARODOWY FUNDUSZ INWESTYCYJNY;JUPITER NARODOWY FUNDUSZ INWESTYCYJNY
376777;IZOBLOK;IZOBLOK
37692;HYPERION;HYPERION
37698;NFI MAGNA POLONIA;NARODOWY FUNDUSZ INWESTYCYJNY MAGNA POLONIA
37749;EUROCASH;EUROCASH
37761;5 CEFARM;FARMACOL
378248;SKARBIEC HOLDING;SKARBIEC HOLDING
381596;PRZEKSZTAŁCENIE ATLANTA POLAND;ATLANTA POLAND
388967;SATIS GROUP;SATIS GROUP
390190;SOHO DEVELOPMENT;SOHO DEVELOPMENT
390243;1 SYGNITY;SYGNITY
392895;POLSKI KONCERN NAFTOWY ORLEN;POLSKI KONCERN NAFTOWY ORLEN
393822;MENNICA POLSKA;MENNICA POLSKA
393888;MBANKU HIPOTECZNEGO;MBANK HIPOTECZNY
394033;KĘTY;GRUPA KĘTY
394079;FUNDUSZY INWESTYCYJNYCH;LOKUM DEWELOPER
394365;CDRL;CDRL
394449;BSC DRUKARNIA OPAKOWAŃ;BSC DRUKARNIA OPAKOWAŃ
394524;COGNOR HOLDING;COGNOR HOLDING
394692;;M. W. TRADE
394772;PKP CARGO;PKP CARGO
394777;ELKOP;ELKOP
394821;ALUMETAL;ALUMETAL
394833;GRUPY GOBARTO;GOBARTO
394920;BANKU HANDLOWEGO W WARSZAWIE;BANK HANDLOWY W WARSZAWIE
394972;PCC ROKITA;PCC ROKITA
394973;KINO POLSKA TV;KINO POLSKA TV
394993;CCC;CCC
394997;DOM DEVELOPMENT;DOM DEVELOPMENT
395065;W GRUPIE I2 DEVELOPMENT;I2 DEVELOPMENT
395071;PRZEDSIĘBIORSTWO HANDLU ZAGRANICZNEGO „BALTONA”;PRZEDSIĘBIORSTWO HANDLU ZAGRANICZNEGO BALTONA
395072;PRZEDSIĘBIORSTWO HANDLU ZAGRANICZNEGO „BALTONA”;PRZEDSIĘBIORSTWO HANDLU ZAGRANICZNEGO BALTONA
395090;„POLIMEX-MOSTOSTAL”;"""POLIMEX-MOSTOSTAL"""
395091;;"""POLIMEX-MOSTOSTAL"""
395146;KRYNICA VITAMIN;KRYNICA VITAMIN
395148;ATLANTIS;ATLANTIS SE
395154;MACIERZYSTYCH;POLSKI BANK KOMÓREK MACIERZYSTYCH
395162;FON;FON SE
395163;;RESBUD SPÓŁKA EUROPEJSKA
395165;PROJPRZEM MAKRUM;PROJPRZEM MAKRUM
395174;;POWSZECHNA KASA OSZCZĘDNOŚCI BANK POLSKI
395175;SANOK RC;SANOK RUBBER COMPANY
395176;;PKO BANK HIPOTECZNY
395247;W SKŁAD KTÓREJ WCHODZI MEDICALGORITHMICS;MEDICALGORITHMICS
395277;AZOTY ZAKŁADY CHEMICZNE „POLICE”;GRUPA AZOTY ZAKŁADY CHEMICZNE POLICE
395280;EUROCASH;EUROCASH
395282;PRIME CAR MANAGEMENT;PRIME CAR MANAGEMENT
395345;4.1. REKOMENDACJA „KUPUJ” DLA AKCJI IMS;IMS
395348;SELVITA;SELVITA
395370;;POLSKIE GÓRNICTWO NAFTOWE I GAZOWNICTWO
395371;;POWSZECHNY ZAKŁAD UBEZPIECZEŃ
395373;BANKU BGŻ BNP PARIBAS;BANK BGŻ BNP PARIBAS
395376;MIRBUD;MIRBUD
395377;VIGO SYSTEM;VIGO SYSTEM
395474;TRAKCJA PRKII;TRAKCJA PRKII
395482;VENTURE INC;VENTURE INC
395498;FASING;FABRYKI SPRZĘTU I NARZĘDZI GÓRNICZYCH GRUPA KAPITAŁOWA FASING
395499;TESGAS;TESGAS
395505;MOSTOSTAL ZABRZE;MOSTOSTAL ZABRZE
395588;COAST;NORTH COAST
395596;„CZERWONA TOREBKA”;CZERWONA TOREBKA
395601;"""PLAST-BOX""";PRZETWÓRSTWO TWORZYW SZTUCZNYCH PLAST-BOX
395603;„SKOTAN”;SKOTAN
395614;I JEDNOSTKI APS ENERGIA;APS ENERGIA
395647;UNIBEP;UNIBEP
395649;VOXEL;VOXEL
395663;ML SYSTEM;ML SYSTEM
395727;EUCO;EUROPEJSKIE CENTRUM ODSZKODOWAŃ
395771;MCI CAPITAL;MCI CAPITAL
395849;;BIURO INWESTYCJI KAPITAŁOWYCH
395854;ZUE;ZUE
395877;IMPEL;IMPEL
395951;SARE;SARE
395958;PRAGMA FAKTORING;PRAGMA FAKTORING
395978;– ELEKTROTIM;ELEKTROTIM
396033;DROP;DROP
396068;MASTER PHARM;MASTER PHARM
396075;RAFAKO;RAFAKO
396153;KORPORACJA KGL;KORPORACJA KGL
396157;CAPITAL PARTNERS;CAPITAL PARTNERS
396198;6. WŁADZE APLISENS;APLISENS
396204;MZN PROPERTY;MZN PROPERTY
396276;NEWAG;NEWAG
396281;INVESTMENT;ECHO INVESTMENT
396337;VOTUM;VOTUM
396442;POLSKI HOLDING NIERUCHOMOŚCI;POLSKI HOLDING NIERUCHOMOŚCI
396444;2.13.ZESTAWIENIE LICZBY ORAZ WARTOŚCI NOMINALNEJ WSZYSTKICH AKCJI P.A . NOVA;P.A. NOVA
396563;ARCHICOM;ARCHICOM
396568;SPOŻYWCZEGO „PEPEES”;PRZEDSIĘBIORSTWO PRZEMYSŁU SPOŻYWCZEGO PEPEES
396652;IMMOBILE;GRUPA KAPITAŁOWA IMMOBILE
396668;SIMPLE;SIMPLE
396675;GLOBAL COSMED;GLOBAL COSMED
396680;ZAMET;ZAMET
396742;UNIMA 2000 SYSTEMY TELEINFORMATYCZNE;UNIMA 2000 SYSTEMY TELEINFORMATYCZNE S.A
396758;BEST;BEST
396775;ROZSZERZONY SKONSOLIDOWANY RAPORT OKRESOWY WIELTON;WIELTON
396780;BOWIM;BOWIM
396864;VIVID GAMES;VIVID GAMES SPÓŁKA A
396865;FUNDUSZE ZARZĄDZANE PRZEZ T RIGON TFI;TOWER INVESTMENTS
396938;ATENDE;ATENDE
396966;LUBAWA;LUBAWA
397038;WITTCHEN;WITTCHEN
397055;IDEA BANK;IDEA BANK
397058;GETIN HOLDING;GETIN HOLDING
397168;TRANS POLONIA;TRANS POLONIA
397169;PPH KOMPAP;PRZEDSIĘBIORSTWO PRODUKCYJNO-HANDLOWE KOMPAP
397268;REDAN;REDAN
397333;;ONCOARENDI THERAPEUTICS
397354;WYTWORNIA SUROWIC I SZCZEPIONEK;BIOMED-LUBLIN WYTWÓRNIA SUROWIC I SZCZEPIONEK
397381;STRUKTURA WŁASNOŚCIOWA FAMUR;FAMUR
397385;GRUPY BYTOM;BYTOM
397386;LSI SOFTWARE;LSI SOFTWARE
397448;;CENTRUM MEDYCZNE ENEL-MED
397450;UNIMA 2000 SYSTEMY TELEINFORMATYCZNE;UNIMA 2000 SYSTEMY TELEINFORMATYCZNE S.A
397475;KCI;KCI
397485;;QUMAK
397486;OPTEAM;OPTEAM
397553;IMPERA CAPITAL;IMPERA CAPITAL
397567;BIOTON;BIOTON
397595;DEVELOPMENT;RANK PROGRESS
397597;GROCLIN;GROCLIN
397600;MAXCOM;MAXCOM
397690;MAGNA POLONIA;MAGNA POLONIA
397715;PRZYGOTOWANE PRZEZ MOSTOSTAL WARSZAWA;MOSTOSTAL WARSZAWA
397716;TARCZYŃSKI;TARCZYŃSKI
397721;ZPUE;ZPUE
397724;CZŁONKA RADY NADZORCZEJ PROTEKTOR;PROTEKTOR
397732;WIKANA;WIKANA
397734;1.4. DZIAŁALNOŚĆ MIRACULUM;MIRACULUM
397738;RAINBOW TOURS;RAINBOW TOURS
397740;GIEŁDY PAPIERÓW WARTOŚCIOWYCH W WARSZAWIE;GHELAMCO INVEST SPÓŁKA Z OGRANICZONĄ ODPOWIEDZIALNOŚCIĄ
397759;13) ZESTAWIENIE STANU POSIADANIA AKCJI STARHEDGE;STARHEDGE
397763;;EMC INSTYTUT MEDYCZNY
397766;STARHEDGE;STARHEDGE
397772;ZBM „ZREMB-CHOJNICE”;ZAKŁAD BUDOWY MASZYN ZREMB-CHOJNICE
397777;VISTAL GDYNIA;VISTAL GDYNIA
397817;4) INTERBUD-BUDOWNICTWO;INTERBUD-LUBLIN W RESTRUKTURYZACJI
397818;EVEREST INVESTMENTS;EVEREST INVESTMENTS
397819;ASM GROUP;ASM GROUP
397915;EKO EXPORT;EKO EXPORT
397918;REDWOOD HOLDING;REDWOOD HOLDING
397946;SATIS GROUP;SATIS GROUP
397951;SKYLINE INVESTMENT;SKYLINE INVESTMENT
397972;CFI HOLDING;CFI HOLDING
397973;ONICO;SILVAIR INC
397974;PBG”, „GRUPĄ”) JEST PBG;PBG
397992;W CSY;ZASTAL
398000;ZARZĄD BUMECH;BUMECH W RESTRUKTURYZACJI
398001;ABADON REAL ESTATE;ABADON REAL ESTATE
400301;FAST FINANCE;FAST FINANCE
400620;REDWOOD HOLDING;REDWOOD HOLDING
401896;„FORTE”;FABRYKI MEBLI FORTE
402024;LIVECHAT SOFTWARE;LIVECHAT SOFTWARE
403446;PRZEDSTAWIAM PAŃSTWU SKONSOLIDOWANY I JEDNOSTKOWY RAPORT GRODNO;GRODNO
403546;ZDROWIA;SWISSMED CENTRUM ZDROWIA
403552;BEST;KREDYT INKASO
408520;AB;AB
418040;SYNEKTIK;SYNEKTIK
419048;STELMET;STELMET
419349;SUWARY;SUWARY
419610;SOHO DEVELOPMENT;SOHO DEVELOPMENT
420767;POLSKI KONCERN NAFTOWY ORLEN;POLSKI KONCERN NAFTOWY ORLEN
421402;PEKAO BANKU HIPOTECZNEGO;PEKAO BANK HIPOTECZNY
421526;WARTOŚCIOWYCH W WARSZAWIE;GIEŁDA PAPIERÓW WARTOŚCIOWYCH W WARSZAWIE
421534;WERTMANAGEMENT, KFW IPEX-BANK GMBH I PEKAO;STALEXPORT AUTOSTRADY
421685;CA;MOSTOSTAL ZABRZE
421920;KĘTY;GRUPA KĘTY
422010;PUBLIKACJI PRZEZ ZARZĄD ASSECO SOUTH EASTERN EUROPE;ASSECO SOUTH EASTERN EUROPE
422189;;PKO BANK HIPOTECZNY
422265;M.W . TRADE;M. W. TRADE
422351;NA DZIEŃ 30 CZERWCA 2019 R. AKCJONARIAT COGNOR HOLDING;COGNOR HOLDING
422402;ELZAB;ZAKŁADY URZĄDZEŃ KOMPUTEROWYCH ELZAB
422471;NETIA;NETIA
422474;DINO POLSKA;DINO POLSKA
422482;LOTOS;GRUPA LOTOS
422529;ZUE;ZUE
422543;JHM DEVELOPMENT;JHM DEVELOPMENT SPÓŁKA AKCYJA
422545;VIGO SYSTEM;VIGO SYSTEM
422581;LOTOS;GRUPA LOTOS
422607;2.2 UNIMOT;UNIMOT
422610;PKP CARGO;PKP CARGO
422612;APLISENS;APLISENS
422613;BANKU HANDLOWEGO W WARSZAWIE;BANK HANDLOWY W WARSZAWIE
422615;POSTĘPOWANIA Z UDZIAŁEM GLOBE TRADE CENTRE;GLOBE TRADE CENTRE
422695;DOM DEVELOPMENT;DOM DEVELOPMENT
422768;MLP GROUP;MLP GROUP
422775;POLIMEX MOSTOSTAL;"""POLIMEX-MOSTOSTAL"""
422835;KRYNICA VITAMIN;KRYNICA VITAMIN
422844;MIRBUD;MIRBUD
422883;AKCYJNA (DALEJ SANOK RC;SANOK RUBBER COMPANY
422910;VRG;VRG
422911;1. CHARAKTERYSTYKA LOKUM DEWELOPER;LOKUM DEWELOPER
422986;CYFROWY POLSAT;CYFROWY POLSAT
422989;BNP PARIBAS BANK POLSKA;BNP PARIBAS BANK POLSKA
423067;ALTUS TOWARZYSTWO FUNDUSZY INWESTYCYJNYCH;ALTUS TOWARZYSTWO FUNDUSZY INWESTYCYJNYCH
423101;UNIDEVELOPMENT;UNIBEP
423108;PATENTUS;PATENTUS
423112;INSTAL KRAKÓW;INSTAL KRAKÓW
423114;UDZIAŁ TESGAS;TESGAS
423181;COMP;COMP
423194;PRZEDSIĘBIORSTWO HYDRAULIKI SIŁOWEJ „HYDROTOR”;PRZEDSIĘBIORSTWO HYDRAULIKI SIŁOWEJ 'HYDROTOR'
423195;"""PLAST-BOX""";PRZETWÓRSTWO TWORZYW SZTUCZNYCH PLAST-BOX
423205;POZBUD T&R;POZBUD T&R
423223;WASKO;WASKO
423232;STRUKTURA WŁASNOŚCIOWA FAMUR;FAMUR
423305;EUCO;EUROPEJSKIE CENTRUM ODSZKODOWAŃ
423326;ATM;ATM
423396;INTROL;INTROL
423489;SARE;SARE
423517;AZOTY ZAKŁADY CHEMICZNE „POLICE”;GRUPA AZOTY ZAKŁADY CHEMICZNE POLICE
423518;AZOTY ZAKŁADY AZOTOWE „PUŁAWY”;"GRUPA AZOTY ZAKŁADY AZOTOWE ""PUŁAWY"""
423519;SELVITA;SELVITA
423588;PEKABEX;POZNAŃSKA KORPORACJA BUDOWLANA PEKABEX
423589;MCI CAPITAL;MCI CAPITAL
423591;DLA AKCJONARIUSZY PRIVATE EQUITY MANAGERS;PRIVATE EQUITY MANAGERS
423592;;OT LOGISTICS
423600;VOTUM;VOTUM
423674;NEWAG;NEWAG
423768;;BERLING
423818;„CZERWONA TOREBKA”;CZERWONA TOREBKA
423835;TRAKCJA PRKII;TRAKCJA PRKII
423973;OCTAVA;OCTAVA
423988;EUROTEL;EUROTEL
423992;ARCHICOM;ARCHICOM
424059;2. AKTYWNE PORĘCZENIA I GWARANCJE UDZIELONE I OTRZYMANE PRZEZ VANTAGE DEVELOPMENT;VANTAGE DEVELOPMENT
424061;GRUPY FERRO;FERRO
424068;SIMPLE;SIMPLE
424086;PPH KOMPAP;PRZEDSIĘBIORSTWO PRODUKCYJNO-HANDLOWE KOMPAP
424170;POWIERZCHNI, W DNIU 5 LUTEGO 2019 R. ZARZĄD AUTO PARTNER;AUTO PARTNER
424174;ENERGOINSTAL;ENERGOINSTAL
424176;IDEA BANK;IDEA BANK
424239;MDI ENERGIA;MDI ENERGIA
424260;BEST;BEST
424261;WIELTON;WIELTON
424334;WIKANA;WIKANA
424413;WITTCHEN;WITTCHEN
424430;INTERMA TRADE;INTERMA TRADE
424479;SKYLINE INVESTMENT;SKYLINE INVESTMENT
424496;UNIMA2000;UNIMA 2000 SYSTEMY TELEINFORMATYCZNE S.A
424510;AIRWAY MEDIX;AIRWAY MEDIX
424527;ZPC OTMUCHÓW;ZAKŁADY PRZEMYSŁU CUKIERNICZEGO OTMUCHÓW
424617;GETIN HOLDING;GETIN HOLDING
424619;BOWIM;BOWIM
424643;W REINO CAPITAL;REINO CAPITAL  S. A.
424736;;ONCOARENDI THERAPEUTICS
424754;MOSTOSTAL WARSZAWA;MOSTOSTAL WARSZAWA
424755;;MOSTOSTAL WARSZAWA
424902;MAGNA POLONIA;MAGNA POLONIA
424921;ZARZĄD RANK PROGRESS;RANK PROGRESS
424925;BOOMBIT;BOOMBIT
424927;MASTER PHARM;MASTER PHARM
424949;GRUPY JEST SELENA FM;SELENA FM
424954;KORPORACJA KGL;KORPORACJA KGL
425016;TOWER INVESTMENTS;TOWER INVESTMENTS
425034;TARCZYŃSKI;TARCZYŃSKI
425050;RUBICON PARTNERS;RUBICON PARTNERS
425065;MIRACULUM;MIRACULUM
425074;DEKPOL;DEKPOL
425077;CFI HOLDING;CFI HOLDING
425088;* BEZPOŚREDNIO I POŚREDNIO POPRZEZ JR HOLDING;SETANTA
425089;• 30 KWIETNIA 2019 R. ENEA;ENEA
425129;REDWOOD HOLDING;REDWOOD HOLDING W UPADŁOŚCI
425179;XTPL;XTPL
425188;TJ. PROTEKTOR;PROTEKTOR
425191;VISTAL GDYNIA;VISTAL GDYNIA
425209;SKŁAD ORGANÓW ZARZĄDZAJĄCYCH I NADZORCZYCH IBSM;IBSM
425218;KRAKCHEMIA;KRAKCHEMIA
425220;BALTIC BRIDGE;BALTIC BRIDGE
425221;ELEMENTAL HOLDING;ELEMENTAL HOLDING
425222;;INTERBUD-LUBLIN
425226;BILANS PAMAPOL;PAMAPOL
425237;SOLAR COMPANY;SOLAR COMPANY
425238;„SKOTAN”;SKOTAN
425241;BIOTON;BIOTON
425248;ZBM „ZREMB-CHOJNICE”;ZAKŁAD BUDOWY MASZYN ZREMB-CHOJNICE
425249;ARTERIA;ARTERIA
425251;W DNIU 24 LIPCA 2018 R. ZARZĄD GIEŁDY PAPIERÓW WARTOŚCIOWYCH W WARSZAWIE;SILVAIR INC
425255;ZPUE;ZPUE
425261;28. ZESTAWIENIE ZMIAN W STANIE POSIADANIA AKCJI RAFAKO;RAFAKO
425266;KOPALNIE ZŁOTA;EKO EXPORT
425270;„EFEKT”;KORPORACJA GOSPODARCZA EFEKT
425272;VICIS NEW INVESTMENTS;ABC DATA
425291;EVEREST INVESTMENTS;EVEREST INVESTMENTS
425294;;MEDIACAP
425297;IMMOBILE;GRUPA KAPITAŁOWA IMMOBILE
425302;URSUS;URSUS W RESTRUKTURYZACJI
425425;NEWAG;NEWAG
425709;SKYLINE INVESTMENT;SKYLINE INVESTMENT
427085;FAST FINANCE;FAST FINANCE
50158;BAKALLAND;BAKALLAND
58046;SKONSOLIDOWANE SPRAWOZDANIE BANKU ZACHODNIEGO WBK;BANK ZACHODNI WBK
58528;NORDEA BANK POLSKA;NORDEA BANK POLSKA
59050;NETIA;NETIA
59617;COMPUTER SERVICE SUPPORT;COMPUTER SERVICE SUPPORT
59849;KREDYT BANKU;KREDYT BANK
60532;LENTEX;ZAKŁADY LENTEX
60804;GETIN HOLDING;GETIN HOLDING
61121;1. POLIMEX-MOSTOSTAL;ENERGOMONTAŻ-PÓŁNOC
61200;KGHM POLSKA MIEDŹ;KGHM POLSKA MIEDŹ
61204;PRATERM;PRATERM
61283;ASSECO POLAND;ASSECO POLAND
61344;DZ BANK POLSKA;DZ BANK POLSKA
61623;GRUPY LOTOS;GRUPA LOTOS
61653;ULMA CONSTRUCCION POLSKA;ULMA CONSTRUCCION
61666;RADPOL;RADPOL
61776;MAKRUM;MAKRUM
61821;GRUPY TELL;TELL
61824;38.2. TRANSAKCJE NA AKCJACH HUTMEN;HUTMEN
61826;WSIP;WYDAWNICTWA SZKOLNE I PEDAGOGICZNE
61938;ZALEŻNEJ PIOMA;FABRYKA MASZYN FAMUR
61965;FABRYKA FARB I LAKIERÓW „ŚNIEŻKA”;FABRYKA FARB I LAKIERÓW ŚNIEŻKA
61967;ORAZ KREDOBANK;POWSZECHNA KASA OSZCZĘDNOŚCI BANK POLSKI
62071;POLSKIE GÓRNICTWO NAFTOWE I GAZOWNICTWO;POLSKIE GÓRNICTWO NAFTOWE I GAZOWNICTWO
62072;ORLEN;POLSKI KONCERN NAFTOWY ORLEN
62075;ATM;ATM
62081;APATOR;APATOR
62096;1. RELPOL;RELPOL
62123;ZELMER;ZELMER
62134;CAPITAL PARTNERS;CAPITAL PARTNERS
62201;LPP;LPP
62205;NR 07/123/06/Z/VV WRAZ Z ANEKSEM Z BRE BANKIEM;ES-SYSTEM
62207;GIEŁDA PAPIERÓW WARTOŚCIOWYCH W WARSZAWIE;DROZAPOL-PROFIL
62217;ZAKŁADY CHEMIC E „POLICE”;ZAKŁADY CHEMICZNE POLICE
62224;BANKU OCHRONY ŚRODOWISKA;BANK OCHRONY ŚRODOWISKA
62308;SPOŻYWCZEGO „PEPEES”;"PRZEDSIĘBIORSTWO PRZEMYSŁU SPOŻYWCZEGO ""PEPEES"""
62316;"""ECHO INVESTMENT""";ECHO INVESTMENT
62320;;MACROLOGIC
62321;;AGORA
62333;LC CORP;LC CORP
62346;POLCOLORIT;POLCOLORIT
62360;STALEXPORT;STALEXPORT AUTOSTRADY
62372;SWISSMED CENTRUM ZDROWIA;SWISSMED CENTRUM ZDROWIA
62381;FARMACOL;FARMACOL
62395;INDYKPOL;INDYKPOL
62398;TRITON DEVELOPMENT;TRITON DEVELOPMENT
62413;MOSTOSTAL ZABRZE HOLDING;MOSTOSTAL ZABRZE HOLDING
62420;PROSPER;PROSPER
62431;6. UNIMA 2000;UNIMA 2000 SYSTEMY TELEINFORMATYCZNE S.A
62445;EUROCASH;EUROCASH
62468;SPRZEDAŁA POSIADANE AKCJE CIECH;SZPG STOMILNOK
62473;MAGELLAN;MAGELLAN
62504;ONE–2–ONE;ONE-2-ONE
62513;PAMAPOL;PAMAPOL
62535;INTER CARS;INTER CARS
62562;;EMC INSTYTUT MEDYCZNY
62569;MASTERS;MASTERS
62575;INFORMACJE DOTYCZĄCE SKŁADU RADY NADZORCZEJ TELFORCEONE;TELFORCEONE
62576;NORTH COAST;NORTH COAST
62585;ZTS „ ZĄBKOWICE – ERG „;ZAKŁADY TWORZYW SZTUCZNYCH ZĄBKOWICE - ERG
62588;PRÓCHNIK;PRÓCHNIK
62589;DOM MAKLERSKI IDM;DOM MAKLERSKI IDM
62605;KOLASTYNA;GRUPA KOLASTYNA
62610;MCI MANAGEMENT;MCI MANAGEMENT
62611;OPTIMA RADIX;TORFARM
62618;P.R.I. „POL-AQUA”;PRZEDSIĘBIORSTWO ROBÓT INŻYNIERYJNYCH POL-AQUA
62680;MAGELLAN;MAGELLAN
62871;NTT SYSTEM;NTT SYSTEM
62948;MACROLOGIC;MACROLOGIC
62995;ERGIS-EUROFILMS;ERGIS - EUROFILMS
63784;ABM SOLID;ABM SOLID
64139;FF I L ”ŚNIEŻKA”;FABRYKA FARB I LAKIERÓW ŚNIEŻKA
64346;CP ENERGIA;CP ENERGIA
64547;FARMACOL;FARMACOL
64563;STOMIL SANOK;SZPG STOMILNOK
64565;MENNICA POLSKA;MENNICA POLSKA
64568;Z CCC S.A . NA NG2;NG2
64577;ZWOLNIENIA Z PEŁNEGO RETROSPEKTYWNEGO UJĘCIA MSR/MSSF WYBRANE PRZEZ ELEKTROTIM;ELEKTROTIM
64643;- Z AKUP UDZIAŁÓW MÓJ;FABRYKI SPRZĘTU I NARZĘDZI GÓRNICZYCH GRUPA KAPITAŁOWA FASING
64653;NFI MIDAS;NARODOWY FUNDUSZ INWESTYCYJNY MIDAS
64657;JUPITER NARODOWY FUNDUSZ INWESTYCYJNY;JUPITER NARODOWY FUNDUSZ INWESTYCYJNY
64677;INWESTYCYJNEGO NFI;ZACHODNI NARODOWY FUNDUSZ INWESTYCYJNY
64776;ELEKTRIM;ELEKTRIM
64783;NTT SYSTEM;NTT SYSTEM
78851;BAKALLAND;BAKALLAND
87455;BANK ZACHODNI WBK;BANK ZACHODNI WBK
87942;NORDEA BANK POLSKA;NORDEA BANK POLSKA
87943;NORDEA BANK POLSKA;NORDEA BANK POLSKA
88334;AKCJONARIUSZY POLISH ENERGY PARTNERS;POLISH ENERGY PARTNERS
88694;TUP;TUP
89411;;AS SILVANO FASHION GROUP
89570;INTERNET GROUP;INTERNET GROUP
89609;KREDYT BANKU;KREDYT BANK
89857;ŚLĄSKI;ING BANK ŚLĄSKI
90039;INWEST CONSULTING;INWEST CONSULTING
90256;GETIN HOLDING;GETIN HOLDING
90553;OCTAVA NFI;NARODOWY FUNDUSZ INWESTYCYJNY OCTAVA
90957;ULMA CONSTRUCCION POLSKA;ULMA CONSTRUCCION
90963;BEST;BEST
91099;BUDOPOL-WROCŁAW;BUDOPOL-WROCŁAW
91101;ZACIĄGNIĘTY W BANKU ZACHODNIM WBK;MERCOR
91104;ASSECO BUSINESS SOLUTIONS;ASSECO BUSINESS SOLUTIONS
91150;KOPEX;KOPEX
91325;INTERNET GROUP;INTERNET GROUP
91421;8. SKRÓCONE SPRAWOZDANIE JEDNOSTKOWE PAGED;PAGED
91551;BOŚ;BANK OCHRONY ŚRODOWISKA
91589;MCI MANAGEMENT;MCI MANAGEMENT
91595;;SKOTAN
91645;TRAVELPLANET.PL;TRAVELPLANET.PL
91761;ASSECO POLAND;ASSECO POLAND
91762;LPP;LPP
91774;* W TYM UDZIAŁ W WYNIKU POLKOMTEL;POLSKI KONCERN NAFTOWY ORLEN
91776;DORADZTWO GOSPODARCZE DGA;DORADZTWO GOSPODARCZE DGA
91801;GRUPY LOTOS;GRUPA LOTOS
91833;GRUPY CENTROSTAL;CENTROSTAL
91861;ZASADY TWORZENIA WAŻNIEJSZYCH REZERW I ODPISÓW AKTUALIZUJĄCYCH PRZEZ WSIP;WYDAWNICTWA SZKOLNE I PEDAGOGICZNE
91863;APATOR;APATOR
91870;ATM;ATM
91885;MACROLOGIC;MACROLOGIC
91886;MACROLOGIC;MACROLOGIC
91896;POLSKA;AGORA
91901;WEKSLOWYCH PKO BP;POWSZECHNA KASA OSZCZĘDNOŚCI BANK POLSKI
91982;HUTMEN;HUTMEN
92012;ZAKŁAD BUDOWY MASZYN „ZREMB – CHOJNICE”;ZAKŁAD BUDOWY MASZYN ZREMB-CHOJNICE
92013;INTERIA.PL;COMARCH
92047;A) ABM SOLID;ABM SOLID
92054;A) ABM SOLID;ABM SOLID
92062;1 WANDALEX;WANDALEX
92073;COMP SAFE SUPPORT;COMP SAFE SUPPORT
92075;„LENTEX”;ZAKŁADY LENTEX
92087;MATERIAŁOWEGO I SPRZEDAŻY PRODUKTÓW I USŁUG INTER GROCLIN AUTO;INTER GROCLIN AUTO
92093;SOVEREIGN CAPITAL;SOVEREIGN CAPITAL
92099;;K2 INTERNET
92109;POŁĄCZENIE ERGIS;ERGIS - EUROFILMS
92145;„ATLANTA POLAND”;ATLANTA POLAND
92148;PHS „HYDROTOR”;"PRZEDSIĘBIORSTWO HYDRAULIKI SIŁOWEJ ""HYDROTOR"""
92149;TJ. ELEKTROTIM;ELEKTROTIM
92153;PBG;PBG
92160;PETROLINVEST;PETROLINVEST
92185;1. RELPOL;RELPOL
92190;VARIANT;VARIANT
92192;VARIANT;VARIANT
92211;MOSTOSTAL ZABRZE HOLDING;MOSTOSTAL ZABRZE HOLDING
92217;PRIMA MODA;PRIMA MODA
92219;CEJ ENERGOMONTA – POŁUDNIE;ENERGOMONTAŻ - POŁUDNIE
92221;MAKRUM;MAKRUM
92222;POL-MOT WARFAMA;POL-MOT WARFAMA
92231;TORFARM;TORFARM
92233;SECO/WARWICK;SECO/WARWICK
92235;ENERGOINSTAL;ENERGOINSTAL
92256;EMISJI PAPIERÓW WARTOŚCIOWYCH W CIECH;CIECH
92259;TRION;TRION
92268;WORKS;PLATFORMA MEDIOWA POINT GROUP
92283;EUROCASH;EUROCASH
92286;OPTOPOL TECHNOLOGY;OPTOPOL TECHNOLOGY
92290;WG STANU NA 30.06.2008 R. ELZAB;ZAKŁADY URZĄDZEŃ KOMPUTEROWYCH ELZAB
92297;INDYKPOL;INDYKPOL
92302;5.6. STANDARDY ZASTOSOWANE PRZEZ GK NG2;NG2
92308;;EMC INSTYTUT MEDYCZNY
92313;CAPITAL PARTNERS;CAPITAL PARTNERS
92315;PAMAPOL;PAMAPOL
92320;ECHO INVESTMENT;ECHO INVESTMENT
92335;;UNIBEP
92343;KOMPUTRONIK;KOMPUTRONIK
92346;I & B SYSTEM;INVAR & BIURO SYSTEM
92353;NORTH COAST;NORTH COAST
92355;NEPENTES;NEPENTES
92358;FARMACOL;FARMACOL
92368;ORZEŁ BIAŁY;ORZEŁ BIAŁY
92374;TRAKCJA POLSKA;TRAKCJA POLSKA
92375;ARTMAN;ARTMAN
92387;EMPERIA HOLDING;EMPERIA HOLDING
92389;WYCH W WARSZAWIE;VISTULA & WÓLCZANKA
92391;;CASH FLOW SPÓŁA AKCYJNA
92395;HAWE;HAWE
92402;ADS;ADVANCED DISTRIBUTION SOLUTIONS
92404;NTT SYSTEM;NTT SYSTEM
92405;SYGNITY;SYGNITY
92411;„BARLINEK”;BARLINEK
92414;KOFOLA-HOOP;KOFOLA - HOOP
92418;BIOTON;BIOTON
92422;CERSANIT;CERSANIT
92423;DOM MAKLERSKI IDM;DOM MAKLERSKI IDM
92427;P.R .I. ”POL-AQUA”;PRZEDSIĘBIORSTWO ROBÓT INŻYNIERYJNYCH POL-AQUA
92430;GANT DEVELOPMENT;GANT DEVELOPMENT
92505;ECHO INVESTMENT;ECHO INVESTMENT
93372;PONAR-WADOWICE;PONAR - WADOWICE
93403;KGHM POLSKA MIEDŹ;KGHM POLSKA MIEDŹ
93586;– MEWA;ZAKŁADY DZIEWIARSKIE MEWA
93595;JUTRZENKA HOLDING;JUTRZENKA HOLDING
94011;FON;FON
94067;NFI MAGNA POLONIA;NARODOWY FUNDUSZ INWESTYCYJNY MAGNA POLONIA
94160;JUPITER NARODOWY FUNDUSZ INWESTYCYJNY;JUPITER NARODOWY FUNDUSZ INWESTYCYJNY
94282;JUPITER NARODOWY FUNDUSZ INWESTYCYJNY;JUPITER NARODOWY FUNDUSZ INWESTYCYJNY
94727;LENA LIGHTING;LENA LIGHTING
94736;BEST;BEST
94772;BBI DEVELOPMENT NFI;BBI DEVELOPMENT NARODOWY FUNDUSZ INWESTYCYJNY
94783;KOPEX;KOPEX
94830;SELENA FM;SELENA FM
94876;KOFOLA-HOOP;KOFOLA - HOOP
96467;PPWK;PPWK IM. E. ROMERA
96797;NFI PROGRESS;NARODOWY FUNDUSZ INWESTYCYJNY PROGRESS
99254;KREDYT INKASO;KREDYT INKASO
